序号,题目,作者,来源,发表时间,发表类别,被引,下载
1,生成式人工智能大模型赋能的元宇宙生命体：前瞻和挑战,王皓;潘昱杉;潘毅,大数据,2023-06-13 10:36,期刊,3,943
2,人工智能在医药领域的应用与挑战,柴人杰;滕皋军,药学进展,2023-10-25,期刊,,1021
3,基于人工智能的医学图像多器官分割及其在医药领域的应用,吕朋举;王澄;朱建军;陆建;朱海东,药学进展,2023-10-25,期刊,,300
4,面向多维生物医药数据整合挖掘的人工智能关键算法与应用研究,文昱琦,军事科学院,2023-05-31,博士,1,634
5,人工智能技术的学科多样性及其与生物医药领域的融合发展,蔡永莲;彭颢舒,上海理工大学学报(社会科学版),2023-09-15,期刊,1,636
6,生成式人工智能在生物医药自动化领域应用展望,刘泊伟,中国信息化,2023-11-20,期刊,,354
7,生物医药创新体系发展策略研究,崔蓓,军事科学院,2022-06-13,博士,8,5855
9,新冠疫情下生物医药行业发展机遇研究,袁芳;苑朋彬;郑彦宁,全球科技经济瞭望,2022-11-30,期刊,7,1200
10,人工智能在生物医药领域中的应用和进展,言方荣,中国药科大学学报,2023-05-09 08:52,期刊,2,2492
11,“人工智能+医药”产业现状和趋势,张静;段勃;赵宇,中国食品药品监管,2023-04-15,期刊,1,466
12,医药零售物流中的技术及解决方案创新——访浙江凯乐士科技集团股份有限公司副总裁、人工智能研究院院长白红星,赵皎云,物流技术与应用,2023-11-10,期刊,,47
13,医药类App适老化设计中人工智能技术的融入研究,胡辉;杨帆,电脑知识与技术,2023-04-25,期刊,1,181
14,人工智能技术在医药研发中的应用,刘伯炎;王群;徐俐颖;褚淑贞,中国新药杂志,2020-09-15,期刊,19,2945
15,上海进一步优化三大先导产业投资的若干建议,张亚军;徐亮;石金海,科学发展,2022-08-20,期刊,2,296
16,人工智能下的医药企业财务共享研究——以辉瑞制药为案例,盛代婷,东北财经大学,2022-04-01,硕士,1,1250
17,人工智能制药助力我国医药产业创新发展,彭茜;林苗苗;黄筱,经济参考报,2022-09-07,报纸,1,913
18,人工智能加速与医药创新融合,龚雯;杜康,经济参考报,2023-08-02,报纸,,108
19,基于大数据和人工智能的新型医药物流体系构建,陈心媛;廖吉林,物流科技,2021-03-10,期刊,10,881
20,看见新蓝海 探索新未来,宋亦敏;吴桦真,福州日报,2023-07-24,报纸,,35
21,近六年来国内关于人工智能法律规制的研究述评——基于CSSCI来源期刊论文的分析,陶林,青岛科技大学学报(社会科学版),2021-06-15,期刊,4,883
22,医药健康领域的国家人工智能战略发展规划比较研究,李莹莹;张建楠;顾宴菊;朱烨琳;何前锋,中国工程科学,2019-12-15,期刊,11,574
23,硬科技投资正迎黄金时代,孙奇茹,北京日报,2023-02-24,报纸,,54
24,人工智能在医药领域中的重要作用及展望,杨瑞奇,科技经济市场,2022-01-15,期刊,,660
25,高校医药经管类专业人才“人工智能+教育”实践教学探析,颜涛;宋一蓓,成都中医药大学学报(教育科学版),2022-06-28,期刊,1,97
26,上海黄浦进一步发力科创产业,邱爱荃,中国经济导报,2023-03-09,报纸,,38
27,持续强化高端产业引领功能 积极布局未来发展新赛道,姜晓凌,上海科技报,2022-09-16,报纸,,85
28,“头雁”引领，上海产业经济振翅高飞,张懿,文汇报,2022-10-16,报纸,,67
29,上海三大新兴重点产业发展布局分析,周弋,统计科学与实践,2021-06-25,期刊,1,234
30,人工智能在医药领域的应用,陆涛,药学进展,2020-01-25,期刊,4,1021
31,94.9%受访青少年相信祖国将在自己这代实现“高水平科技自立自强”,孙山;金文,中国青年报,2022-06-02,报纸,,96
32,加快数字化转型，打造优势产业集群,周伟;李青健,青岛日报,2021-10-29,报纸,,232
33,释放强劲新动能!上海三大先导产业强势开局,唐玮婕;张懿;祝越,文汇报,2022-01-07,报纸,1,67
34,中国创新药供给的数据管理问题研究,左健东,上海财经大学,2020-05-01,硕士,,213
35,推进人工智能创新 让诊疗更加“智慧”——生物医药与精准医疗大健康发展分论坛,杨云帆,中国科技产业,2020-02-15,期刊,1,914
36,上海浦东将打造集成电路生物医药人工智能三大产业集群,缪晓琴,中国经济导报,2021-09-01,报纸,,261
37,AI技术在医药物流行业的应用研究,贾聪聪;王子溪;黄传强,信息与电脑(理论版),2020-11-10,期刊,,423
38,生物医药+人工智能的“杭州可能”,盛慧;陈思思;顾婷婷,杭州(周刊),2019-09-22,期刊,,462
39,IPv6云平台助力生物医药人工智能教学竞赛,白启峰,中国教育网络,2022-01-05,特色期刊,,33
40,大数据和人工智能助推药物设计,郑明月;蒋华良,2019中国化学会第十五届全国计算（机）化学学术会议论文集,2019-11-14,中国会议,,619
41,高精尖项目组团落地中关村科学城,孙奇茹,北京日报,2022-03-22,报纸,,29
42,人工智能的未来潜力取决于共识,本刊讯,数据分析与知识发现,2019-12-25,期刊,,144
43,发展基于人工智能的智能医药监管系统——访中国工程院院士李兰娟,王圣媛,中国战略新兴产业,2017-07-01,期刊,,354
44,生物医药产业“十三五”人工智能发展战略与政策初探,李青,中国科技产业,2017-01-15,期刊,2,575
45,第三届北京国际医学工程大会暨国际医药人工智能大会在京开幕,许方霄,首都食品与医药,2018-11-01,期刊,,143
46,论人工智能技术下工业机器人在提高医药企业生产效率中的应用,李宁;宁显斌;卢子广,2017年博鳌医药论坛论文集,2017-06-28,中国会议,1,356
47,广州IAB产业瞄准四大目标,昌道励;朱伟良,南方日报,2017-08-03,报纸,,87
48,三部医药法律草案继续审议,,中国卫生,2019-03-05,期刊,,28
49,第三届北京国际医学工程暨国际医药人工智能大会在北京举行,,科学中国人,2018-11-15,特色期刊,,10
50,地方政策,,中国信息界,2017-12-25,期刊,,21
53,中医腰痛经典梳理及基于知识元的腰痛人工智能处方平台建设,于子涵,上海中医药大学,2021-05-12,博士,,90
54,FBC医药科技公司数智化管理发展战略研究,皮勇波,广东财经大学,2022-05-09,硕士,,380
55,专家热议医药工业高质量发展,郭鑫,人民邮电,2023-11-30,报纸,,51
56,推介活动,,投资北京,2018-01-05,期刊,,8
58,重大新发传染病医学应对产品研发关键技术选择研究——以COVID-19为例,葛华,军事科学院,2023-05-31,博士,,638
59,医药卫生领域数字孪生相关文献计量与知识图谱分析,崔钰;孙彦顺;于莉莉,中国医疗设备,2023-10-10,期刊,,203
60,公共政策执行视野下人工智能治理挑战的伦理应对及其对策研究,仝海菊,北京化工大学,2023-05-26,硕士,,437
61,新竞争格局下中美生物医药创新对比研究,王楠;王国强,中国软科学,2023-01-28,期刊,2,1376
62,面向医药生产的智能机器人及其关键技术研究综述,王可;张辉;曹意宏;易俊飞;袁小芳,计算机集成制造系统,2022-07-15,期刊,5,793
63,中国医药需大力推进原始创新,张佳星,科技日报,2023-12-01,报纸,,109
64,基于人工智能的中医健康管理体系的构建及运行机制研究,刘丽静,福建中医药大学,2022-06-01,硕士,2,1050
65,大国竞争下的美国涉华337调查与中国应对之策,朱雪忠;徐晨倩,科学学研究,2020-09-22 17:21,期刊,19,2903
66,我国医药制造企业数字化转型发展探析,周倩,中国信息化,2021-10-20,期刊,16,1783
67,基于领域本体的蒙医药学知识库构建与知识发现研究,鲍玉来,吉林大学,2018-06-01,博士,64,2870
68,长线增量资金加码进场 密集抢筹四大赛道,刘伟杰,中国证券报,2023-12-26,报纸,,4
69,数智化改变医药传统架构 引领技术发展和产业升级,傅苏颖,中国证券报,2023-09-29,报纸,,55
70,供应链视角下医药零售连锁企业物流服务能力研究,缪华昌;罗佳乐;万晶晶;蒋海芹,中国储运,2021-11-01,期刊,4,979
71,医药大模型：复刻生理功能 评估药物反应,金凤,科技日报,2023-10-09,报纸,,78
72,人工智能在医疗健康领域的应用与发展前景分析,徐维维;彭沪;杨佳芳;侯冷晨;李济宇,中国医疗管理科学,2019-09-15,期刊,20,2701
73,上海科技创新中心的核心功能及其突破口,孙福全,科学发展,2020-07-20,期刊,9,817
74,广州市人民政府办公厅关于印发广州市战略性新兴产业发展“十四五”规划的通知,,广州市人民政府公报,2022-04-30,特色期刊,2,97
75,人工智能，为科研注入智慧动能,喻思南,人民日报,2022-10-20,报纸,,336
76,上海生物医药产业该如何破解创新堵点？,姜晓凌;耿挺;陶婷婷,上海科技报,2023-01-18,报纸,,139
77,5月基金调研热情升温 人工智能主题最受关注,郭洁,证券时报,2023-05-22,报纸,,21
78,生物医药产业要素结构升级与动态随机一般均衡分析,刘述强,哈尔滨理工大学,2020-10-01,博士,2,950
79,广州市人民政府办公厅关于印发广州市工业和信息化发展“十四五”规划的通知,,广州市人民政府公报,2022-06-20,特色期刊,,97
80,上海掌舵:生物医药“大船”驶入深海,崔鹏志,IT时报,2022-10-21,报纸,,94
81,人机共生刷新商业逻辑,慕欣,医药经济报,2023-05-01,报纸,,26
82,医药卫生领域人工神经网络研究中文文献可视化分析,沈波;谢兆勋;林少辉;许旭艳;罗秀凤,海峡预防医学杂志,2021-10-15,期刊,2,283
83,智联世界 标准为线,,质量与标准化,2023-08-25,期刊,,9
84,关于长三角重点产业领域联合开展关键技术攻关的思考,孙斌;商丽媛,青海科技,2021-12-25,期刊,2,195
85,AI制药兴起，“弯道超车”有望,俞陶然,解放日报,2022-01-12,报纸,1,408
86,东北地区医药产业集聚发展对策研究,王培,哈尔滨商业大学,2020-11-16,硕士,1,391
87,人工智能在药酒和保健酒行业的应用,曲晓莉,酒·饮料技术装备,2021-07-15,期刊,3,282
88,基于计算智能的药品预测模型及其在医药智能物流平台中的应用研究,刘震,重庆大学,2017-10-01,博士,8,745
89,基于新冠病毒疫情影响的医药应急物流研究,方嘉奇;李文斌;姜哲利,中国物流与采购,2020-07-02,期刊,6,1621
90,新形势下促进上海市卫生健康数字化转型发展的政策研究,卢虹;吴文烈;赵阳;耿文叶;张佳慧,网信军民融合,2021-11-30,期刊,,259
91,AI赋能千行百业 共筑智能新生态 2022“直通乌镇”全球互联网大赛的人工智能专题赛复赛在深圳举行,,信息化建设,2022-11-15,期刊,,24
92,解析人工智能在医疗健康领域的应用与发展前景,任耀星,信息通信,2019-12-15,期刊,5,684
93,人工智能背景下上海市制造业服务化的高质量发展研究,郑苏江,上海工程技术大学,2021-01-01,硕士,,185
94,重点战略新兴行业人力资源缺口分析——以某地区为例,朱振强,首都经济贸易大学,2021-06-30,硕士,,102
95,集群企业知识共享网络、失败学习与创新绩效,林保镭,浙江工商大学,2018-01-01,硕士,3,472
96,面向医药领域的智能问答系统设计与实现,秦杰,湖南大学,2018-05-15,硕士,2,567
97,智能药物研发范式的数据法律因应——可及性的视角,李家杭,华中科技大学,2020-05-29,硕士,,206
98,以人工智能为导向的信管专业人才培养方案,赵鸿萍;刘新昱;杨帆;陈曙;李辉,药学教育,2020-02-25,期刊,1,391
99,促进与制约——新兴技术发展对健康权保障的影响,杨睿宇,医学与法学,2021-04-28,期刊,,134
100,三大产业：筑起“抗疫”防线,费晓蕾,华东科技,2020-03-05,期刊,,381
101,关于高新区以人工智能赋能“四强”产业推动新经济发展情况的调研报告,市人大常委会、高新区联合调研组,淄博日报,2021-01-09,报纸,,413
102,上海市人民政府办公厅关于印发《上海市战略性新兴产业和先导产业发展“十四五”规划》的通知,,上海市人民政府公报,2021-08-05,特色期刊,,21
103,中国工程院圈点医学工程探索前沿,陈相龙,中国医院院长,2020-03-15,期刊,1,111
104,浦东高质量发展定下“硬核”目标,胥会云,第一财经日报,2021-08-27,报纸,,43
105,展现“硬实力” 跑出“加速度”,袁于飞;彭丽,光明日报,2021-09-17,报纸,,27
106,硬核科技板块 从科技基金与细分领域中寻找投资机会,吕长顺,财富时代,2019-12-25,期刊,1,100
107,智能技术在医药健康领域的应用与发展趋势,田伟,科技导报,2020-04-13,期刊,,267
108,人工智能技术的普及,郝冠毅,电子技术与软件工程,2018-08-24 14:16,期刊,2,299
109,河南省人民政府办公厅关于印发河南省新型显示和智能终端产业发展行动方案等8个方案的通知,,河南省人民政府公报,2019-02-25,特色期刊,1,35
110,人工智能离“药神”还有多远,谢雨礼,张江科技评论,2019-04-28,期刊,,455
111,许昌市人民政府关于印发许昌市智能电力装备产业发展行动方案等9个方案的通知,,许昌市人民政府公报,2019-01-08,特色期刊,1,35
112,化学信息学软件工具、Web服务及数据库的开发和应用,曹东升;董界;王柠柠,2019中国化学会第十五届全国计算（机）化学学术会议论文集,2019-11-14,中国会议,,228
113,区域经济与产业发展,,天津中德应用技术大学学报,2018-12-14,期刊,,206
114,2018医疗健康投资机遇看哪里?,李慧,科技与金融,2018-05-09,期刊,1,110
115,中共北京市委 北京市人民政府关于印发加快科技创新构建高精尖经济结构系列文件的通知,,北京市人民政府公报,2018-01-25,特色期刊,2,38
116,北京市科学技术委员会 北京市发展和改革委员会 北京市经济和信息化局 北京市财政局 北京市卫生健康委员会 北京市医疗保障局 北京市药品监督管理局 中关村科技园区管理委员会印发《关于加强新型冠状病毒肺炎科技攻关促进医药健康创新发展的若干措施》的通知,,北京市人民政府公报,2020-02-18,特色期刊,,14
117,聚焦上海科创中心建设 关注生物医药创制进行时,,上海医药,2019-06-10,期刊,,121
118,化危为机 加快发展前沿产业,,群众,2020-03-20,期刊,,66
119,计算机技术发展下中医药信息人才培养的研究和探索,胡蓉蓉,第五届中国中医药信息大会——大数据标准化与智慧中医药论文集,2018-07-27,中国会议,,52
120,让智慧成就健康,杨晓慧,中国医院院长,2018-07-15,期刊,,38
121,国外典型国家和地区科技创新政策比较研究,江洪波,中国科学院上海营养与健康研究所;,2019-06-01,科技成果,,41
122,数据,,金融科技时代,2019-07-10,期刊,,25
123,一句话新闻,,卫星与网络,2019-09-25,期刊,,13
124,虹润人工智能温控器喜获三项国家发明专利,,化工自动化及仪表,2018-04-10,期刊,1,66
125,化学信息学软件工具、Web服务及数据库的开发和应用,曹东升;董界;王柠柠,中国化学会第十三届全国分析化学年会论文集（二）,2018-06-14,中国会议,,63
126,博彦科技:与微软是长期合作伙伴关系,,股市动态分析,2018-09-22,期刊,,37
127,2017杭州市新生代企业家论坛举行,吴炜,杭州(周刊),2017-12-15,期刊,1,34
128,聚焦热点 跨界互通——2017年《上海医药》杂志年会成功举办,肇晖,上海医药,2017-10-10,期刊,,9
131,多模态超声联合人工智能在甲状腺结节良恶性鉴别诊断中应用价值,李阳,湖北医药学院,2023-05-01,硕士,,54
132,中医药信息学热点、前沿分析以及学科体系框架优化研究,高曼,中国中医科学院,2023-05-31,硕士,,321
133,药物研发模式转型下药品专利创造性判断困境及其破解,常美利,华中科技大学,2022-05-01,硕士,,157
135,XX医药公司数字化转型发展战略研究,杨彬,昆明理工大学,2023-03-01,硕士,,369
137,A公司研发员工招聘问题研究,张泽琳,华东师范大学,2022-11-25,硕士,1,3330
140,生物医药研发数字基础设施体系建设研究,张建楠;王晓杰;沙雏淋;李莹莹;李校堃,中国工程科学,2023-11-02 15:25,期刊,,343
141,九州通集团财务智能化发展研究,张征,广州大学,2023-05-30,硕士,,956
142,JZT医药公司财务数字化转型问题研究,陈畅,辽宁大学,2023-05-01,硕士,,715
143,计算医学构建药物创新的底座技术,张春明;赵宇;谭光明,科学与社会,2023-09-25,期刊,,145
145,人工智能发展对产业全要素生产率的影响——一个基于中国制造业的经验研究,孙早;侯玉琳,经济学家,2021-01-05,期刊,116,6496
147,区块链技术下A制药公司销售与收款业务内部控制优化研究,赵奥伟,安徽财经大学,2022-12-01,硕士,1,1302
148,AI制药产业发展瓶颈和对策,郭旭;王钤,中国科技产业,2023-07-15,期刊,,482
149,浅析人工智能/机器学习用于药品开发——基于FDA讨论文件的探讨,姚立新,中国食品药品监管,2023-07-15,期刊,1,179
150,XH制药股份有限公司发展战略研究,王一诺,山东大学,2023-05-20,硕士,,161
151,生物医药产业发展的创新加速趋势,殷丹妮,张江科技评论,2022-12-28,期刊,3,600
153,金融助力产业发展：创新、智能与融合,,现代金融导刊,2023-11-25,期刊,,21
154,人工智能在新药研发中的应用现状与挑战,刘晓凡;孙翔宇;朱迅,药学进展,2021-07-25,期刊,17,2183
155,上海谷森医药公司气雾剂产品竞争战略研究,袁金帅,兰州大学,2023-04-01,硕士,,137
156,互联网供应链金融科技平台“盛业资本”运作模式的探究,徐璜楠,广州大学,2022-06-01,硕士,2,747
157,数字化技术赋能生物医药行业实现新发展,马战凯,通信企业管理,2023-01-10,期刊,2,626
159,生物医药科技创新前沿、我国发展态势和新阶段的若干思考,陈凯先,中国食品药品监管,2021-08-15,期刊,12,1350
160,可解释、可通用的下一代人工智能方法重大研究计划2023年度项目指南,,模式识别与人工智能,2023-03-15,期刊,,275
161,走过深度变革之年 中国股权投资行业共谋“适变”之道,柴刘斌;王玉晴,上海证券报,2023-12-14,报纸,,31
162,基于BP和BS组合模型的上市生物医药企业价值评估研究,李娜,江西财经大学,2021-06-01,硕士,9,759
163,基于中医状态辨识的《伤寒论》诊疗思维与逻辑及智能诊疗模型研究,赵文,福建中医药大学,2021-06-01,博士,9,1034
164,国内外生物医药和大健康产业发展趋势及对天津的启示,杨童;李燕;罗琼;臧学英,城市,2022-06-25,期刊,3,882
165,“互联网+”背景下广印堂中药公司营销策略研究,赵来福,南京邮电大学,2020-12-16,硕士,11,2184
166,痰瘀互结证诊断量表研制及其量化诊断模型的研究与评价,陈智慧,辽宁中医药大学,2022-06-01,博士,2,650
168,生物医药产业知识产权保护与科技创新研究,冯红;赵婧祎;张爱华;许爱青;次照辉,石家庄学院学报,2022-09-20,期刊,1,1129
169,中国服务外包发展重点领域及展望,,服务外包,2023-06-05,期刊,,96
170,新媒体环境下高新区品牌形象传播研究,张品慧,华东师范大学,2022-05-20,硕士,1,468
171,工信部：培育远程医疗等新模式新业态,傅苏颖,中国证券报,2023-10-25,报纸,,92
172,“互联网+人工智能”在医疗领域中应用及发展趋势,王冰丽;蔡娜,山东理工大学学报(社会科学版),2021-05-07,期刊,11,3298
173,探索基于深度学习的人工智能系统(内镜精灵)在消化专业研究生胃镜学习中的应用,叶颖剑;李秀梅;李琼霞;安鹏;刘波,现代消化及介入诊疗,2023-02-18,期刊,1,147
174,美国生物医药研发投入及创新趋势分析,朱庆平,中国基础科学,2021-10-15,期刊,6,743
175,人工智能在药物再定位的应用,陈杨;陈轶伦;曾文杰;廖俊,中国医药导刊,2022-04-15,期刊,2,373
176,人工智能驱动我国商业健康险服务创新研究——以“意管家”为例,姚斐,辽宁大学,2022-04-01,硕士,1,291
177,我国生物医药行业上市公司投资价值分析,李一帆,云南财经大学,2020-05-20,硕士,8,3927
178,技术网络中新兴技术的突破机会的APL识别方法,姜照华;宋华东;王静;侯梦珠;谢德雨,科学学与科学技术管理,2020-12-10,期刊,6,703
179,智慧医疗带动传统医疗卫生服务升级的机理探讨：基于价值链嵌入与政企协同视角,傅利平;王玉辉,中国卫生经济,2020-01-05,期刊,22,998
180,广州市人民政府办公厅关于印发广州市科技创新“十四五”规划的通知,,广州市人民政府公报,2022-03-10,特色期刊,3,108
181,北京市人民政府关于印发《北京市“十四五”时期高精尖产业发展规划》的通知,,北京市人民政府公报,2021-09-18,特色期刊,7,102
182,中国城乡居民大病保险制度改革与发展策略研究,花亚州,武汉大学,2018-05-01,博士,17,1436
183,成都国际会展之都,,中国会展,2023-05-15,期刊,,112
184,聚焦产业链强化上海高端产业引领功能,叶东晖,科学发展,2021-04-20,期刊,4,429
185,玩转“黑科技”，在科博会“链接”未来世界,,现代商业银行,2023-06-15,期刊,,24
186,“十三五”国家战略性新兴产业发展规划(全文),,中国战略新兴产业,2017-01-01,期刊,105,4972
187,基于专利引文的人工智能领域科学-技术关联分析,郜梦蕊,南京大学,2019-05-30,硕士,8,1199
188,《中国胸心血管外科临床杂志》2023年第5期封面赏析,胡坚,中国胸心血管外科临床杂志,2023-05-10,期刊,,89
189,我国中高端制造业供应链话语权提升策略研究,李芳,曲阜师范大学,2022-03-10,硕士,,148
190,产业智能化背景下员工技能培训研究,张双志,天津大学,2021-05-01,博士,,1260
191,人工智能背景下的移动医疗平台现状及展望,杨瑶瑶,未来与发展,2020-02-15,期刊,8,843
192,我国研究型大学聚合科技发展的支持政策与投入产出研究——基于14所高校的数据,鲁虹,浙江师范大学,2021-12-20,硕士,,185
193,P公司新药研发数字化转型实践,陈茜,华中科技大学,2021-11-01,硕士,,227
194,基于人工智能背景下高职教师专业发展的策略研究,闫丽平,天津职业技术师范大学,2018-12-01,硕士,7,1723
195,“以科技创新引领经济发展”专题(2) “十四五”时期广东重点发展高科技产业的选择建议,陈彦玲,广东经济,2020-01-20,期刊,6,1117
196,白云山中一药业人力资源战略研究,李世建,兰州大学,2020-03-01,硕士,4,499
197,基于知识管理的数据服务企业商业模式分析——以杭州F科技有限公司为例,姚丽霞;龚铨,科技管理研究,2020-05-20,期刊,4,700
198,上海生物医药产业金融环境研究,魏喜武;杨耀武,科技和产业,2021-07-25,期刊,3,491
199,中国医药产业互联网白皮书 2020年,,艾瑞咨询系列研究报告（2020年第12期）,2020-12-01,中国会议,2,617
200,基于多模型融合的疾病预测的医药电商智慧营销研究,刘逸爽,华南理工大学,2019-04-14,硕士,7,476
201,集团管控策略：服务与管控的平衡术,张倩,人力资源,2022-04-08,期刊,2,193
202,数字化，医药行业未来发展驱动力,宋慧欣,自动化博览,2021-11-15,期刊,3,1067
203,产业风暴,,华东科技,2023-07-05,期刊,,6
204,湖北省人民政府关于印发湖北省科技创新“十四五”规划的通知,,湖北省人民政府公报,2021-11-01,特色期刊,3,74
205,上海建设世界科创策源地的量化评估研究,赵付春,全球城市研究(中英文),2021-09-30,期刊,2,172
206,科技创新驱动经济稳步复苏,陈曦;寇淑然,科技日报,2023-06-29,报纸,,24
207,“超算”为医学研究注入灵魂,胡彬,健康报,2022-07-20,报纸,,141
208,我国生物医药上市企业盈利能力评价研究——基于神经网络与主成分分析的方法,李祖福,华南理工大学,2015-04-17,硕士,7,995
209,成都市温江区健康产业集聚发展中的政府职能研究,贺珮,四川大学,2021-04-20,硕士,,320
210,医药卫生与信息技术深度融合的新医科信息课程探讨,赵洁;蒋世忠;罗漫;郭穗勋;周怡,医学教育研究与实践,2021-07-27,期刊,1,249
211,医药企业实施业财融合的必要性及措施研究,杨蕊竹,投资与合作,2022-08-25,期刊,2,40
212,北京市“高精尖”产业结构构建的影响因素分析,代茂兵,北方工业大学,2020-05-15,硕士,2,401
213,人口健康科技发展态势分析,王玥;许丽;苏燕;施慧琳;李祯祺,世界科技研究与发展,2021-06-15,期刊,1,168
214,基于CT测量健侧髋臼前后径对初次复杂THA术前指导意义,梁杨,湖北医药学院,2022-05-01,硕士,,52
215,全球价值链视角下的日本国际权力探析,秦炎铭,华东师范大学,2021-05-21,硕士,,198
216,北京市海淀区人民政府关于印发《北京市海淀区国民经济和社会发展第十四个五年规划和二〇三五年远景目标纲要》的通知,,北京市海淀区人民政府公报,2021-05-15,特色期刊,1,140
217,基于新媒体/自媒体的中小企业竞争情报服务模式初探——以A企业为例,张素娟;王强,竞争情报,2019-10-20,期刊,5,480
218,上海人工智能发展重点与抓手分析——对比纽约、伦敦,纪汉霖;汪晓玲,软件导刊,2021-04-15,期刊,1,255
219,除了造车，未来还能看机器人“造”药,唐玮婕,文汇报,2022-11-18,报纸,,57
220,韩国高新技术产业发展研究,金兰,延边大学,2018-05-30,硕士,4,566
221,从传统到数据驱动：医药行业的精准营销转型研究,徐畅,上海财经大学,2020-06-01,硕士,,521
222,技术创新、就业效应与经济增长,王也,首都经济贸易大学,2019-09-01,博士,2,732
223,人工神经网络在分类问题中的应用,董嘉真,科技传播,2019-01-25,期刊,14,733
224,抗疫中的人工智能应用及其对智能财务发展的启示,刘勤,中国管理会计,2020-03-15,期刊,3,468
225,上海国企精彩亮相2022世界人工智能大会,金琳,上海国资,2022-10-20,期刊,,22
226,智能诊疗机器人模式下的“知情同意”研究,袁敏,上海中医药大学,2020-06-29,硕士,1,190
227,我国智慧医疗跨学科主题知识结构及其演化分析,张国荣,南昌大学,2020-06-15,硕士,,338
228,人工智能在医疗大健康管理中的应用,曹定爱,养生大世界,2020-11-01,特色期刊,1,335
229,张江药谷孵化出AI制药新项目,俞陶然,解放日报,2022-01-08,报纸,,196
230,超600亿元!浦东32个重大产业科技项目开工,唐玮婕,文汇报,2022-08-24,报纸,,42
231,全球生物医药研发“你追我赶”,刘昌孝,中国科学报,2021-04-02,报纸,1,321
232,我国大中型医药企业信息化问题研究,滕飞,华中师范大学,2018-04-01,硕士,2,477
233,“高精尖”企业扎根AI、医药支柱产业,魏蔚,北京商报,2022-09-13,报纸,,38
234,中国工程科技医药卫生与人口健康领域2035技术预见研究,孙殿军;孙长颢;张凤民;丛斌;乔杰,中国工程科学,2017-02-15,期刊,4,573
235,苏州市重点高新技术企业现状,王玉峰;姚建民;张弘驰,中国科技信息,2020-03-15,期刊,4,239
236,三年探索 临港新片区这些指标发生了变化,胥会云,第一财经日报,2022-08-19,报纸,,25
237,基于“方证量化模型”的中医术语相似度研究方法及应用,杨巍,上海中医药大学,2020-05-26,博士,1,119
238,浅谈人工智能在药学领域的应用,满靖怡,产业创新研究,2020-09-28,期刊,,2675
239,打造世界级产业集群 上海临港新片区发展“十四五”规划发布,,上海节能,2021-08-27,期刊,,440
240,天津市人民政府办公厅关于印发天津市制造业高质量发展“十四五”规划的通知,,天津市人民政府公报,2021-07-15,特色期刊,3,13
241,夯实三大先导产业技术基础,,质量与标准化,2022-03-25,期刊,,53
242,如何推动医药企业财务管理业财融合,施志恒,中国外资,2021-01-25,期刊,3,111
243,“AI+医疗”的创新与挑战,巫景飞;方金武,上海商业,2019-05-10,期刊,3,559
244,现代信息技术对中国医疗健康产业的促进效应分析,胡红亮;张俊祥,全球科技经济瞭望,2020-04-30,期刊,1,225
245,优化“两链” 强固补紧密协同,于量,解放日报,2022-08-17,报纸,1,33
246,青岛市“高端制造业+人工智能”攻势作战方案(2019—2022年),,青岛日报,2019-08-09,报纸,1,367
247,2018医药卫生工程开发前沿,,科技中国,2019-03-15,期刊,2,237
248,《中医药信息》,,中医药信息,2021-09-28,期刊,,129
249,博鳌亚洲论坛创新报告2020 第2章 亚洲创新发展九大技术动力,,博鳌亚洲论坛创新报告2020,2020-12-01,中国会议,,64
250,完善产教融合办学体制,,成都航空职业技术学院学报,2021-12-19,期刊,,97
251,长春市人民政府关于印发长春市国民经济和社会发展第十四个五年规划和2035年远景目标纲要的通知,,长春市人民政府公报,2021-05-15,特色期刊,,28
252,上海市人民政府办公厅关于印发《上海市先进制造业发展“十四五”规划》的通知,,上海市人民政府公报,2021-08-20,特色期刊,,18
253,上海南汇“十四五”规划：大力发展氢能产业形成3个千亿级产业集群,,上海节能,2021-04-30,期刊,,206
254,关于印发《青浦区战略性新兴产业、先导产业、平台经济发展“十四五”规划》的通知,,上海市青浦区人民政府公报,2022-01-15,特色期刊,,1
255,韩国出台新产业领域人才培养方案,罗毅;董丽丽,上海教育,2021-08-10,特色期刊,,50
256,基于知识图谱的男性下尿路症状临床大数据平台研究,张义,中国人民解放军海军军医大学,2019-05-13,博士,,131
257,三大产业“疫后超车”,俞灵琦;费晓蕾;管浩,华东科技,2020-04-05,期刊,,357
258,上海：发布标准化发展行动计划,,大众标准化,2022-03-08,期刊,,52
259,浦东的下一个经济引擎——记上海张江科学城,,科学中国人,2021-01-25,特色期刊,,125
260,为建设生物医药强国鼓与呼,段青英,中国政协,2021-04-30,期刊,,88
261,打造世界级产业集群的“硬道理”,周道洪,上海国资,2021-07-20,期刊,,108
262,展望2019:寻求中国生物医药企业生存与发展的新平衡点,郑易林;邵黎明,药学进展,2019-03-25,期刊,,382
263,三年培育300家领军型成长型潜力型企业,许琦敏,文汇报,2021-12-30,报纸,,44
264,人工智能程序预测出98.5%的人类蛋白质结构,,阅读,2021-11-20,特色期刊,,54
265,"“人工智能+医疗”——技术不是AI医疗核心问题,能否商业化变现成为关键",杜阳,大数据时代,2018-06-28,期刊,,619
266,2021年《医学信息学杂志》编辑出版重点选题计划,,医学信息学杂志,2021-05-25,期刊,1,53
267,《中医药信息》,,中医药信息,2021-07-28,期刊,,60
268,"智慧促进健康,健康利增智慧——智慧健康引领医药卫生事业发展",王兴华;王光耀;盛良;汪宇;Te Kian Keong,智慧健康,2015-10-20,期刊,5,241
269,广州市人民政府关于印发广州市加快打造数字经济创新引领型城市若干措施的通知,,广州市人民政府公报,2020-05-10,特色期刊,1,33
270,“中国智慧制药2025”杭州宣言,,中国中药杂志,2016-12-15,期刊,,393
271,《中医药信息》,,中医药信息,2021-08-28,期刊,,43
272,AS制药公司慢性病产品在基层医疗市场的营销策略,沈昱,上海交通大学,2018-06-30,硕士,,137
273,博鳌亚洲论坛 全球健康论坛首届大会报告 第三章创新促进健康,,全球健康论坛首届大会报告,2019-06-10,国际会议,,72
274,2021年《医学信息学杂志》编辑出版重点选题计划,,医学信息学杂志,2020-12-25,期刊,,69
275,2018全国两会里的“医药时间”(下) 161名代表、90名委员聚焦热点带来改变,费菲,中国医药科学,2018-04-25,期刊,1,102
276,北京经济 高精尖唱主角,宋龙艳,投资北京,2019-07-05,期刊,,116
277,中国（安徽）自由贸易试验区9个专项推进行动计划方案公布,,传感器世界,2021-02-25,期刊,,62
278,构建智慧医药流通体系,席悦,中国物流与采购,2018-12-02,期刊,,265
279,《实用临床医药杂志》医工结合相关护理细节研究征稿启事,,实用临床医药杂志,2020-10-08,期刊,,66
280,29种科技期刊进入国际前10%,,新闻世界,2021-06-10,期刊,,30
281,成都金温江 健康花园城,,民主法制建设,2021-01-10,期刊,,53
282,"计算引领,健康前行——“科创中国”聚焦健康科技创新应用",,电子世界,2020-12-30,期刊,,54
283,2018互联网医疗人工智能应用企业TOP50,南风,互联网周刊,2018-07-20,期刊,,217
284,政府工作报告中的“科技关键词”,,今日科技,2019-03-25,期刊,,114
285,弱AI时代的药物发现,裴剑锋,2019中国化学会第十五届全国计算（机）化学学术会议论文集,2019-11-14,中国会议,,141
286,2021年《医学信息学杂志》编辑出版重点选题计划,,医学信息学杂志,2021-01-25,期刊,,28
287,速览,,华东科技,2019-07-05,期刊,,18
288,到2020年北京医药健康产业主营业务收入将达2500亿元,姚志国;魏森林,对接京津——改革开放 协同发展论文集,2018-10-30,中国会议,1,85
289,如何理解全球出现的“百年变局”,王德禄,中关村,2019-11-01,期刊,,122
290,《实用临床医药杂志》医工结合相关护理细节研究征稿启事,,实用临床医药杂志,2020-08-23,期刊,,42
291,高等教育对接三大重点产业领域高校地图,,上海教育,2020-10-20,特色期刊,,14
292,《实用临床医药杂志》医工结合相关护理细节研究征稿启事,,实用临床医药杂志,2020-09-23,期刊,,30
293,2020年《医学信息学杂志》编辑出版重点选题计划,,医学信息学杂志,2020-09-25,期刊,,30
294,构建人工智能大健康产业城,桑平起,人大建设,2018-01-05,期刊,,166
295,药店黑科技那些事儿,吴梦月,中国药店,2018-01-15,期刊,1,104
296,威海市人民政府印发关于大力推进“现代优势产业集群+人工智能+互联网”的实施方案的通知,,威海市人民政府公报,2019-12-15,特色期刊,,1
297,2020年《医学信息学杂志》编辑出版重点选题计划,,医学信息学杂志,2020-06-25,期刊,,35
298,广州市荔湾区先行布局 打造人工智能高地,张良亮,广东经济,2017-11-05,期刊,,92
299,天津港保税区,,产业创新研究,2018-09-20,期刊,,192
300,“产业+地产”IAB广州落地路径,郑丽转;曹钊文,房地产导刊,2018-02-01,期刊,1,90
301,2020年《医学信息学杂志》编辑出版重点选题计划,,医学信息学杂志,2020-08-25,期刊,,24
302,关键技术:培育高质量发展的新动能,杨凯;张臻,华东科技,2019-02-05,期刊,,47
303,2020年《医学信息学杂志》编辑出版重点选题计划,,医学信息学杂志,2020-02-25,期刊,,34
304,2020年《医学信息学杂志》编辑出版重点选题计划,,医学信息学杂志,2020-04-25,期刊,,22
305,基于文献计量学的生物医药产业研究热点分析 网络首发,张奇;薛诗瑶;赵晓迪;常军民,医药导报,2023-12-21 08:48,期刊,,603
306,2020年《医学信息学杂志》编辑出版重点选题计划,,医学信息学杂志,2019-12-25,期刊,,36
307,基于人工智能的云译通智能文档翻译系统,马万炯;支炜;李剑;杨龙杰;王婷,四川译讯信息科技有限公司;,2019-12-26,科技成果,,20
309,2020年《医学信息学杂志》编辑出版重点选题计划,,医学信息学杂志,2020-01-25,期刊,,20
310,“智能+”见未来,三井,中国建设信息化,2019-03-30,期刊,,64
311,2018年哪些科技突破将带来新惊喜,,新型工业化,2017-12-20,期刊,,37
312,"让智慧药店“智慧”地生存发展 评《智慧药店,千里之行》",逄增志,中国药店,2018-10-15,期刊,,65
314,2019年上海宝山重大产业项目集中开工仪式举行,,上海信息化,2019-04-10,期刊,,20
315,打造AI创新枢纽,本刊编辑部,广东科技,2019-05-15,期刊,,31
316,动态,,科技新时代,2018-01-10,期刊,,15
317,"这五大新兴产业,有可能改变未来!",,资源再生,2017-03-15,期刊,,48
318,英国政府设立10亿英镑产业发展挑战基金,,全球科技经济瞭望,2017-05-30,期刊,,72
319,2018年哪些科技突破将带来新惊喜?,,科技传播,2018-01-25,期刊,,51
320,政策挑战,樊瑜波,建筑知识,2016-12-08,期刊,1,37
321,第六届中国创新创业大赛湖北赛区互联网和移动互联网行业赛顺利举行,,科技创业月刊,2017-09-10,期刊,,33
322,基于人工智能技术的幽门螺杆菌球形变分子诊断,王昕,中国矿业大学,2023-04-17,硕士,,86
324,基于U-Net卷积神经网络模型的出血性卒中围术期中西医结合治疗回顾性队列研究,张博,辽宁中医药大学,2023-11-01,博士,,344
326,创新资源对战略性新兴产业国际竞争力的影响及中国对策,何姝,河北大学,2023-06-01,博士,,429
328,基于人机结合的A公司呼叫中心服务改进研究,陈林,大连理工大学,2022-12-02,硕士,,112
329,“大健康”保险科技市场主体发展指标的构建与应用,李静柔,上海财经大学,2023-03-07,硕士,,11
330,新兴产业数字创新生态系统演进机理与升级路径研究,许慧杰,哈尔滨理工大学,2023-06-01,硕士,,327
331,AI大模型如何支撑生物医药研发？,钱童心,第一财经日报,2023-02-28,报纸,,236
332,创新型产业集群对区域创新能力的影响研究,张东,对外经济贸易大学,2022-11-01,硕士,,15
333,基于机器学习探究临床及增强CT影像组学特征对肺结节诊断的价值,胡翔宇,湖北医药学院,2022-06-01,硕士,,29
334,基于片段的农药分子设计新方法的开发及应用,王志正,华中师范大学,2023-04-01,博士,,230
335,Y生物医药公司的数字化转型战略研究,胡涛,西南财经大学,2023-03-01,硕士,,86
338,"2018年,哪些科技突破将带来新惊喜",彭茜;林小春,科学中国人,2017-12-25,特色期刊,,1
339,生物医药产业招商平台创业计划书,伍卫星,电子科技大学,2023-03-28,硕士,,1145
340,基于人工智能技术在智能课堂教学设计中的研究应用,冉超,2023年第七届国际科技创新与教育发展学术会议论文集（第二卷）,2023-09-25,国际会议,,52
341,A医药科技股份有限公司发展战略研究,刘珊珊,吉林大学,2023-06-01,硕士,,220
342,国内,,中国科技奖励,2017-12-08,期刊,,15
343,热点切换 三维布局,金一平,股市动态分析,2017-03-11,期刊,,27
345,中国医院药学学科的建设与发展,刘高峰;陈孝;张毕奎;赵荣生;敖海莲,中国药学杂志,2023-11-22,期刊,1,1446
347,未来产业：内涵特征、组织变革与生态建构,王小林;谢妮芸,社会科学辑刊,2023-10-20 11:23,期刊,2,1468
348,眼科人工智能临床研究评价指南（2023）,杨卫华;邵毅;许言午,国际眼科杂志,2023-06-19 10:02,期刊,6,541
349,医药科技期刊深度融合发展路径的探索——以《中国药业》为例,张小林;刘斌;汤华,出版广角,2023-12-30,期刊,1,126
350,人工智能赋能互联网医疗高质量发展研究,单丽瑶;陈冰君;郭云贵,海峡科技与产业,2023-12-25,期刊,,287
351,医药行业的发展趋势与应对策略,武滨,中国药店,2023-11-15,期刊,,444
353,中国互联网医疗监管：三重逻辑分析及实践策略选择,王玉荣,吉林大学,2022-12-01,博士,5,4095
354,药物研发范式变革日新月异,药明康德内容团队,中国医药报,2023-12-16,报纸,,264
356,人力资本对人工智能企业绩效的影响——基于中国282家人工智能上市企业的分析,王学义;何泰屹,中国人口科学,2021-10-28 10:06,期刊,43,4022
357,重庆市生物医药产业发展现状与对策建议——以人才链为牵引加快生物医药高新园区社区建设,龙晖;齐铮;吴昊,中国生物工程杂志,2023-05-25,期刊,3,753
359,《中国医药生物技术》2023年第18卷关键词索引,,中国医药生物技术,2023-12-10,期刊,,85
360,网络靶标理论、关键技术与中医药应用,李梢;张鹏;王鑫;张博;汪博洋,世界科学技术-中医药现代化,2022-09-20,期刊,12,811
361,基于人工智能算法的脑卒中溶栓药物精准治疗：真实世界研究,沈惠文;林永忠;陈淑良;张立红;马春野,中国全科医学,2023-03-17 09:25,期刊,2,495
362,新冠肺炎疫情背景下的中韩人工智能合作,秦鹏飞;李文家,韩国研究论丛,2021-11-30,辑刊,,329
364,基于人工智能的中国股票价格预测与异质性研究,张琳,暨南学报(哲学社会科学版),2023-05-06 13:48,期刊,,1144
365,上海医药数字化转型下盈利模式动因及绩效研究,张露露,河南财经政法大学,2023-05-01,硕士,,500
366,医药企业数字化转型前因组态及其对企业成长的影响,何瑞玉,山东大学,2023-05-20,硕士,,329
367,医药化工领域研究现状和发展态势,尹健;张治国;吉远辉;薛亚平;傅俊杰,中国科学基金,2023-02-10 14:48,期刊,3,753
368,人工智能在血栓栓塞性疾病中的应用进展,徐艳华;张玉泉,血栓与止血学,2023-10-20,期刊,,216
369,2022年新药研发发展态势,李荣;孟晶;赵若春;韩佳;马征远,生命科学,2023-01-19 16:03,期刊,2,1460
371,基于症状关联规律挖掘的2型糖尿病中医辅助智能问诊模型研究,周惠敏,福建中医药大学,2023-06-01,硕士,,168
372,人工智能辅助玉米秸秆的资源化处理及其效能研究,杨旭,东北农业大学,2023-06-01,硕士,,160
373,小儿癫痫疾病的中医辅助诊疗方法设计与研究,朱晓敏,福建中医药大学,2023-06-01,硕士,,169
374,苏州工业园区推进新型工业化的实践探索,刘坤;宫世能,新型工业化,2023-05-10,期刊,1,385
375,完善科技创新体系，加快实施创新驱动发展战略,,人民日报,2023-08-28,报纸,,173
376,中国车企首次亮相东京车展 比亚迪加速国际化,黄博文,每日经济新闻,2023-10-30,报纸,,172
377,大数据背景下的ZD公司药物研发管理研究,张磊,南京邮电大学,2022-12-05,硕士,,697
378,人工智能在新药研发中的应用,钱海;侯凤贞,中国药科大学学报,2023-06-25,期刊,,605
379,人工智能在新药研发中的应用进展,杜晗;吴羿霏;杜新,药学进展,2022-11-25,期刊,3,1336
380,2022年我国生物医药产业发展形势展望,曹慧莉;魏国旭,科技中国,2022-01-25,期刊,15,2817
381,人工智能视域下生命科学交叉学科研究生培养机制,岳海涛;袁希,中国多媒体与网络教学学报(上旬刊),2023-09-01,期刊,,144
382,Z健康科技集团云诊平台发展战略研究,陈瑜,广西师范大学,2023-06-01,硕士,,97
383,基于藏文BERT的藏医药医学实体识别,朱亚军;拥措;尼玛扎西,计算机与现代化,2023-01-15,期刊,2,270
384,基于深度学习的智能投顾基金组合配置研究,陈晓非,北京交通大学,2022-06-01,博士,2,1063
385,我国上市公司信息披露制度失灵问题及解决路径研究,孟铂林,中国政法大学,2020-04-01,博士,45,4404
386,欧盟支持深科技创新的举措及对上海的启示,陈諔文,科技智囊,2023-07-25,期刊,1,111
387,结合数据挖掘、计算机虚拟筛选及体外实验探讨康复新液的临床应用现况及相关作用机制研究,柏林宇,大理大学,2022-05-20,硕士,4,481
388,未来已来 中医药也要搭AI快车,魏冯,四川日报,2023-09-13,报纸,,264
389,全球人工智能辅助药物研发基础研究态势分析,陈娟;王婷婷;欧阳昭连,中国新药杂志,2022-07-15,期刊,4,831
390,从全球药品监管科学视角看计算机建模与仿真新方法的发展现状及趋势,赵宇;张静;张春明;张伟,中国食品药品监管,2023-07-15,期刊,1,108
391,源语语篇结构对英汉交替传译难度影响的研究,刘韫玉,北京外国语大学,2023-06-01,硕士,,74
392,中医药人工智能研究生培养模式构建与实践——基于知识生产模式转型理论,孙荪;胡孔法,时珍国医国药,2023-06-20,期刊,,255
393,论人工智能时代发明专利授权条件的调适,余扶阳,中国发明与专利,2022-05-12,期刊,4,773
394,人工智能生物学——生物学3.0,周祯;闫超;张辰宇,中国科学:生命科学,2022-02-25 16:11,期刊,6,1197
396,电子鼻技术应用于川贝母真伪及规格辨识的可行性分析,冯文豪;田亮玉;施钧瀚;桂新景;张慧杰,中国实验方剂学杂志,2021-01-12 09:24,期刊,22,827
397,产城融合背景下科技产业园复合化设计研究,罗梦婕,华南理工大学,2020-10-20,硕士,18,1926
398,我国生物医药产业现状及区域化发展战略,李菲;龙耀辉;赵劲松;任红梅;张恬,中国生物工程杂志,2020-08-15,期刊,50,3534
399,G医药公司全渠道营销策略研究,岑曦,广西大学,2022-06-01,硕士,1,1036
400,专利视角下的人工智能领域产学研协同创新网络研究,黄小博,厦门理工学院,2022-06-01,硕士,1,869
401,人工智能在新药发现中的应用进展,黄芳;杨红飞;朱迅,药学进展,2021-07-25,期刊,8,2824
402,完善科技创新体系，加快实施创新驱动发展战略,,人民政协报,2023-08-26,报纸,,76
403,我国医药卫生相关科技创新基地建设简析,田君;曹原;张楠楠;樊建军,实验技术与管理,2022-10-28 16:44,期刊,2,216
404,图片新闻,,中国科技产业,2023-12-15,期刊,,6
405,科技支撑沈阳“药”“械”产业向新求变,郝晓明;李诏宇,科技日报,2023-12-06,报纸,,25
406,数智化驱动医药产业新发展,蒋莹,中国发展观察,2023-08-20,期刊,,88
407,基于深度学习的高血压病肝火亢盛证面部色诊研究,李佳佳,中国中医科学院,2020-06-20,博士,21,1027
408,互联网巨头大健康版图,黄贞贞;王鑫,企业管理,2021-09-15,期刊,10,1316
409,医药健康便民服务数字化改革探索与实践——以椒江区“三医”联动应用为例,严欣哲,中国食品药品监管,2022-10-15,期刊,3,208
410,智能医疗应用现状和关键技术定性分析,蔡宏果;元昌安,广西教育学院学报,2022-08-10,期刊,1,623
411,中国健康服务业发展研究,程显扬,辽宁大学,2020-11-01,博士,12,1603
412,基于证素原理的中医眼底望诊方法建立及2型糖尿病视网膜病变的临床验证研究,李书楠,湖南中医药大学,2022-05-01,博士,1,429
413,人工智能与制造业融合:基本内涵、发展态势与内在逻辑——兼论成都人工智能与制造业融合的探索与实践,成都市发改委重大课题组,成都大学学报(社会科学版),2021-02-23,期刊,11,1251
414,基于人工智能的量化多因子模型的拓展及在中国股票市场上的应用,李兴有,中国社会科学院研究生院,2020-04-01,博士,14,3560
415,科大讯飞高研发投入为何没有提升盈利能力？——基于股权激励视角的分析,任刚,中国矿业大学,2022-05-19,硕士,,867
416,探索人工智能新前沿 中国经济再迎新机遇,沈愷;吴听;张芳宁;童潇潇,机器人产业,2022-09-25,期刊,,419
417,人工智能对中国制造业价值链攀升的影响研究,杨丹,浙江大学,2022-03-04,硕士,1,812
418,近5年图情SSCI期刊人工智能伦理研究文献分析与启示,黄崑;徐晓婷;黎安润泽;徐峰,现代情报,2021-06-01,期刊,5,1754
419,科创板人工智能企业的价值评估研究,郑世成,河北工程大学,2021-12-01,硕士,2,907
420,药品生产技术专业数智化课程体系的构建,张雨佳;刘香;孙云雷;任玉杰,化工管理,2023-07-11,期刊,,113
421,便秘中医健康管理模型构建研究,许鸿本,福建中医药大学,2022-06-01,硕士,,615
422,医院防止非法统方的对策探讨,张子超;胡媛;符崖,中国卫生标准管理,2023-05-15,期刊,,90
423,大连 构建新一代信息技术产业发展核心区,林青,东北之窗,2023-12-25,特色期刊,,7
424,药物研发领域人工智能应用与创新发展策略探讨,茅鸯对;柳鹏程,中国新药与临床杂志,2021-05-13 15:25,期刊,8,2126
425,我国省实验室建设经验及其对江西的启示,冯雪娇;衡超,科技中国,2022-05-25,期刊,2,472
426,基于卷积神经网络的中医舌象辨识人工智能方法学研究,刘婧玮,北京中医药大学,2020-06-01,博士,12,1408
427,中国工程院发布《全球工程前沿2022》报告,潘锋,中国当代医药,2023-01-28,期刊,,212
428,人工智能产生的技术成果可专利性及其权利归属研究,朱雪忠;张广伟,情报杂志,2018-02-18,期刊,92,2907
429,谷歌两AI部门合并……人工智能大战愈演愈烈,文巧;李孟林;蔡鼎;谭玉涵,每日经济新闻,2023-04-25,报纸,,87
430,江西省人民政府关于印发江西省未来产业发展中长期规划(2023-2035年)的通知,,江西省人民政府公报,2023-02-16,特色期刊,,83
431,人工智能技术影响下的医院门诊大厅空间的研究,孙小迪,沈阳建筑大学,2021-09-08,硕士,4,550
432,数字经济时代的技术融合与应用创新趋势分析,陈晓红,中南大学学报(社会科学版),2018-09-26,期刊,218,7089
433,百亿私募 三季度积极布局三大行业,刘伟杰,中国证券报,2023-10-27,报纸,,41
434,人工智能提升期刊编辑的审核与校对效率,刘芹;毕丽;张芃捷;石芸;孙廷,中国传媒科技,2021-11-15,期刊,10,383
435,面向产业需求的我国高职院校专业结构调整研究——以人工智能（类）专业为例,李薪茹,天津大学,2020-06-01,博士,8,2736
436,人工智能在辅助中医药诊治新冠肺炎中的应用及启示,郭仪;许斌;石岩;胡楠,中华中医药学刊,2021-04-21 10:42,期刊,10,1989
437,苏州杭州人工智能产业发展对比分析,荣雪琴;卜树坡;刘勇,江南论坛,2022-09-15,期刊,1,298
438,基于BERT-BiLSTM-CRF知识抽取模型的民族药知识图谱构建,郑光敏,贵州大学,2021-06-01,硕士,3,955
439,人工智能对进出口贸易的影响研究——机理分析与实证检验,代艾玲,西南财经大学,2022-03-05,硕士,,703
440,北京市“十四五”时期国际科技创新中心建设规划,,北京日报,2021-11-24,报纸,6,284
441,人工智能“听觉”领域前景广阔,吴斌,21世纪经济报道,2023-07-12,报纸,,77
442,澎湃新闻“AI播报”短视频传播分析,吴晓焰,辽宁大学,2021-05-01,硕士,3,803
443,AI渗入健康全产业链 但数据量存局限,唐唯珂,21世纪经济报道,2023-08-04,报纸,,97
444,对医药工业的制造能力与系统化提升的思考,李树德,流程工业,2023-08-20,期刊,,52
445,破晓过后，初日照林 中国人工智能+医疗与生命科学行业研究报告,,艾瑞咨询系列研究报告（2021年第11期）,2021-11-01,中国会议,2,1068
446,科创热土 活力四射,薛鹏,中国纪检监察报,2023-09-16,报纸,,32
447,AI制药价值将迎规模化验证,齐欣,医药经济报,2023-05-01,报纸,,112
448,百亿私募持仓浮出水面 重点布局三大方向,刘伟杰,中国证券报,2023-10-30,报纸,,22
449,生命科学领域数字化进行时 如何加速商业化落地？,季媛媛,21世纪经济报道,2023-08-15,报纸,,43
450,国际复杂局势下 “独角兽”最新发展态势和培育路径,靳婷婷;徐剑;方瑢;路萌,企业管理,2022-06-15,期刊,2,378
451,“新医科”人才分类培养策略与模式探析,沈兴蓉;冯瑞;王德斌,科学咨询(科技·管理),2022-08-10,期刊,,394
452,成都 国际会展之都,,中国会展,2023-09-15,期刊,,58
453,“旋风”席卷 AI智药借势起航,潘少颖,IT时报,2023-09-29,报纸,,57
454,量子赛道 加速奔跑,刘诗瑶,人民日报,2023-04-10,报纸,,97
455,高密度科技产业园的公共空间立体化设计研究,杨泽慧,华南理工大学,2021-04-20,硕士,3,428
456,阿里健康的盈利模式研究,王志灵,中原工学院,2019-05-15,硕士,11,2412
457,基于数字化转型的G生物医药企业的风险管理研究,周杨,东南大学,2022-05-21,硕士,,203
458,国药控股股份有限公司供应链金融案例研究,赵宁,云南财经大学,2020-05-20,硕士,5,1536
459,数字化加速驱动行业变革,赵熠如,服务外包,2023-08-05,期刊,,34
460,苏州工业园区加快推进国家新一代人工智能试验区建设,,新华日报,2023-01-29,报纸,,109
461,基于用户画像的西格列汀药品精准营销,蓝翠,上海财经大学,2021-10-01,硕士,1,381
462,基于人工智能及大数据技术对中药饮片生产质量管控的研究,周明,南京中医药大学,2018-03-21,博士,18,3230
463,健康医疗大数据驱动商业模式创新的机理研究——基于扎根理论的多案例分析,田晋莹,广东药科大学,2021-05-12,硕士,1,1180
464,发展持续提速 数字化驱动行业变革,赵熠如,中国商报,2023-07-13,报纸,,44
465,郑州市人民政府关于印发郑州市“十四五”战略性新兴产业发展总体规划(2021—2025年)的通知,,郑州市人民政府公报,2022-12-08,特色期刊,,55
466,基于中医状态学理论的健康状态辨识算法研究,辛基梁,福建中医药大学,2020-06-01,博士,6,568
467,产城融合背景下产业园空间结构研究,袁梦,山东建筑大学,2018-06-01,硕士,19,729
468,提升上海产业链现代化水平，强化高端产业引领功能,熊世伟;爨谦,科学发展,2021-10-20,期刊,1,564
469,产业风暴,,华东科技,2023-09-05,期刊,,7
470,长三角产业集群的高质量发展策略研究,李丹凝,东南大学,2021-05-24,硕士,1,733
471,人工智能让新药研发减少“人工”,唐泽文,四川日报,2022-09-24,报纸,,350
472,论用艺术提升医学博物馆的公共性,叶丽（盖娅丽丽）（Lily Gaia Ye）,南京艺术学院,2021-03-21,博士,1,1088
473,商务印书馆新书介绍《汉语新词语词典(2000—2020)》,,中国语文,2023-05-10,期刊,,123
474,高价值数据挖掘与人工智能技术加速创新药物研发,郑明月;蒋华良,药学进展,2021-07-25,期刊,3,1393
475,中共北京市委 北京市人民政府关于印发《北京市“十四五”时期国际科技创新中心建设规划》的通知,,北京市人民政府公报,2022-03-07,特色期刊,3,68
476,成都 国际会展之都,,中国会展,2023-04-15,期刊,,105
477,当专业遇上专业,,求学,2023-09-01,特色期刊,,4
478,我国生物医药行业迈入创新发展新赛道——访中国科学院院士、中国科学院上海药物研究所陈凯先研究员,潘锋,中国医药科学,2022-05-15,期刊,1,440
479,第七届世界智能大会隆重召开,付晓,中国会展(中国会议),2023-05-30,期刊,,13
480,数字健康业态类型评价分析及思考,刘頔;李韬;邢悦;冯贺霞,医学信息学杂志,2021-05-25,期刊,3,392
481,私募重点调研方向明确 热门调研标的浮出水面,王辉,中国证券报,2023-09-06,报纸,,15
482,以高瓴资本投资药明康德为例的医疗产业投资案例分析,卢金海,广东工业大学,2021-05-01,硕士,,1112
483,基于NLPIR的人工智能新闻事件的语义智能分析,齐小英,信息与电脑(理论版),2019-10-25,期刊,17,913
484,论人工智能时代中等职业教育培养目标的变革——以广西某中职学校为例,冯明丛,广西师范大学,2020-06-01,硕士,4,483
485,科技型中小企业盈利能力分析,许彩玲,中国乡镇企业会计,2021-09-10,期刊,1,4068
486,五大外包领域并进 细分行业精彩呈现,陈韬,服务外包,2023-06-05,期刊,,27
487,人工智能背景下高科技产业园设计研究——以浦口高新区高科技产业园为例,王和平,南京工业大学,2020-05-01,硕士,3,758
488,人工智能生成发明的专利法保护研究,陈力瑞,中南财经政法大学,2020-05-01,硕士,4,489
489,推动长三角产业转型升级的路径探讨,陈勇鸣,上海企业,2022-03-10,期刊,1,209
490,神经科学和类脑人工智能发展:未来路径与中国布局——基于业界百位专家调研访谈,阮梅花;袁天蔚;王慧媛;王超男;傅璐,生命科学,2017-03-10 10:23,期刊,21,3237
491,医疗人工智能准入标准研究,赵悦,华中科技大学,2021-05-01,硕士,1,322
492,具有认知特性的贝叶斯网络结构学习方法研究,赵建喆,东北大学,2014-10-01,博士,10,1197
493,福建省人民政府办公厅关于印发福建省“十四五”战略性新兴产业发展专项规划的通知,,福建省人民政府公报,2022-05-20,特色期刊,,98
494,促进我国中药产业发展的财税政策研究,江山,吉林大学,2021-06-01,硕士,,473
495,AI工具化时代，做创造者，不做工具人!,本报编辑部,医药经济报,2023-05-01,报纸,,83
496,人工智能分析中西药联用治疗糖尿病视网膜病变的疗效观察,孙开放,山东中医药大学,2021-06-20,硕士,1,211
497,“AI+元宇宙”开启数字经济新航线,李洋,中国高新技术产业导报,2022-09-12,报纸,,394
498,郑州市人民政府关于印发郑州市新基建建设示范区发展规划(2021—2025年)的通知,,郑州市人民政府公报,2022-04-10,特色期刊,1,74
499,“创新寒武纪”，上海生物医药产业大有可为,张懿,文汇报,2022-11-15,报纸,,118
500,人工智能视域下药师的发展思考,赵文敏;喻小勇;田侃,卫生经济研究,2019-07-25 16:59,期刊,8,739
501,医共体智能审方系统分析与设计,葛俊爽,华中科技大学,2021-05-01,硕士,,398
502,成都 国际会展之都,,中国会展,2023-02-15,期刊,,90
503,科技股全线调整 沪指退守3300点,徐蔚,上海证券报,2023-04-22,报纸,,30
504,人工智能时代背景下我国西部地区县级综合医院建筑优化设计研究,李世熠,重庆大学,2020-06-01,硕士,2,519
505,人工智能技术在医学领域应用的伦理问题研究,陈苑斌,武汉理工大学,2019-03-01,硕士,4,1773
506,深圳华康全景信息有限公司发展战略研究,戴清华,湖南大学,2022-03-20,硕士,,75
507,生物医药科技前沿领域的识别研究,张婷;陈娟;欧阳昭连,现代生物医学进展,2019-01-30,期刊,10,582
508,科技创新不停步 凝心聚力写未来,洪姝翌,江苏经济报,2023-05-22,报纸,,15
509,应用人工智能技术分析首诊COVID-19患者肺部CT影像学特点,刘书铭;曾照军;敖峰;谢兴武;贺欢,湖北医药学院学报,2021-06-25,期刊,1,407
510,湖北省产业集群发展与升级研究——探索产业集群内大中小企业融通发展,乔冰彬,长江大学,2020-05-01,硕士,1,1073
511,外刊,,中国医院院长,2023-09-01,期刊,,4
512,互联网技术应用对传统医药营销模式的影响研究,张雨琪;童彤;毛思懿;刘冬明;张珮,中国管理信息化,2019-10-15,期刊,16,898
513,“企”力向价值链中高端跃升,李周羲;周书婷;许小燕,产城,2022-04-25,期刊,,82
514,杭州人工智能产业基础和企业图谱,,国际人才交流,2022-02-15,期刊,,270
515,重庆市人民政府关于印发重庆市战略性新兴产业发展“十四五”规划(2021—2025年)的通知,,重庆市人民政府公报,2022-04-30,特色期刊,1,47
516,陈潮祖医案“五经五纬”方证对应数字化模型研究,肖晔,成都中医药大学,2020-07-01,博士,2,310
517,行业生命周期视角下量化多因子选股策略,何吓心,华南理工大学,2021-04-15,硕士,,283
518,基于医学信息的智能化决策服务研究,段永璇;甄天民;张睿;席敏;赵悟,医学信息学杂志,2021-11-25,期刊,1,218
519,AI医疗背景下医学人才培养改革的探索和思考,汪秀衡;胡恒境,科教文汇(下旬刊),2021-12-30,特色期刊,,344
520,后以药养医时代公立医院药房改革模式初探,殷婷;汤少梁;杨泽华;臧运森;陈文静,中国医院管理,2019-01-05,期刊,9,558
521,人工智能趋势下医学影像学课程的改革与探索,吴昊;汪燕;安娜;徐霖,山西青年,2021-12-23,特色期刊,2,192
522,人工智能分析止血祛瘀明目片对瘀血伤络，阴虚内热型视网膜静脉阻塞的临床疗效,顾冉冉,山东中医药大学,2021-06-10,硕士,,193
523,普适医疗伦理问题研究,谢亚可,湖南师范大学,2017-06-01,博士,6,1047
524,构建以接受性为核心的人工智能伦理,张正清,中国科技论坛,2019-09-05,期刊,7,567
525,AI再爆发引领情绪回暖 两市成交总额连续4日破万亿元,徐蔚,上海证券报,2023-04-08,报纸,,23
526,数学算法在人工智能中的应用,黄晓军,电子技术,2021-03-20,期刊,4,599
527,我国省级行政区医疗人工智能相关政策分析,胡可慧;陈校云;宋杨杨;张曙欣;冯力,中国数字医学,2019-03-15,期刊,10,459
528,成都国际会展之都,,中国会展(中国会议),2023-01-30,期刊,,60
529,肺癌气阴两虚证、气滞血瘀证舌象客观化研究,何思妹,湖南中医药大学,2020-06-01,硕士,2,231
530,基于rNPV模型的亚盛医药企业价值评估,唐卓,华中科技大学,2020-11-01,硕士,2,147
531,基于Python语言的学术论文数据挖掘与分析——以医疗人工智能相关学术论文为例,刘焕英,新媒体研究,2021-03-10,期刊,,759
532,人工智能检测技术在CT诊断肋骨骨折中的临床应用价值,郭宝静,郑州大学,2020-03-01,硕士,1,517
533,基于胸部CT图像的人工智能对肺癌诊断价值的meta分析,王家庆,暨南大学,2021-04-01,硕士,,186
534,人工智能主题股票的投资风险分析——基于VaR和Copula模型视角,陈凌鑫,哈尔滨工业大学,2019-06-01,硕士,2,759
535,我国医疗人工智能相关政策实施效果的评价指标体系研究,胡可慧,北京中医药大学,2020-05-01,硕士,2,354
536,基于用户需求的医药新零售服务优化设计研究,徐盟,湖南包装,2019-12-31,期刊,5,337
537,成都 国际会展之都,,中国会展,2022-06-15,期刊,1,149
538,人工智能对社会分工的影响研究,姜涵;陈勇杰;陈立锦欣,中国市场,2021-03-12,期刊,,1098
539,人工智能对创新的影响研究——基于城市层面的实证分析,仝瑶瑶,环渤海经济瞭望,2022-03-15,期刊,,150
540,“破旧立新”中的生物医药,俞灵琦,华东科技,2020-04-05,期刊,3,449
541,南京市人工智能产业发展态势与展望,刘梦冉,数字经济,2022-05-25,期刊,,59
542,我武生物公司价值评估及提升研究,金多,东北石油大学,2020-06-01,硕士,1,267
543,医疗人工智能的伦理问题研究,刘洋,锦州医科大学,2020-03-01,硕士,,969
544,数字医学技术在壮医药学研究领域的应用,周楠;张倍齐;覃薇;蓝毓营,中华中医药杂志,2020-06-01,期刊,3,333
545,国务院关于印发“十三五”国家战略性新兴产业发展规划的通知,,中华人民共和国国务院公报,2017-01-10,特色期刊,20,376
546,2021杭州人工智能创业生态报告,课题组,杭州科技,2021-10-15,期刊,,161
547,基于技术预见的湖南省生物医药产业共性技术发展研究,彭有为,中南林业科技大学,2019-05-01,硕士,2,456
548,基于Stacking融合模型的生物医药板块智能选股方案研究,伊倩倩,上海师范大学,2020-04-01,硕士,1,267
549,数据重用在企业导入人工智能技术中的价值及实现路径研究,张潇月;顾立平;陈新兰,情报探索,2020-07-15,期刊,2,232
550,挤掉创新药“泡沫” 关注中国原创药,郝俊慧,IT时报,2022-08-19,报纸,,59
551,变译理论指导下的“第四届世界智能大会智能健康与医疗高峰论坛”模拟同传实践报告,郭庚训,辽宁大学,2021-03-01,硕士,1,84
552,张江“城”长记,叶国标;祁豆豆,上海证券报,2022-07-28,报纸,,41
553,中医人工智能致害民事责任问题研究,贺昕航,北京中医药大学,2020-06-01,硕士,,314
554,“一带一路”战略下东南亚地区“互联网+中医”实现途径初探,杨丽娜;尚力,时珍国医国药,2020-07-10,期刊,3,450
555,物联网技术融入传统药科人才培养过程的价值研究——以广东食品药品职业学院为例,戴春平,甘肃科技,2022-05-30,期刊,,49
556,医疗人工智能的准入制度研究,华一凡,海南大学,2021-06-01,硕士,,89
557,新零售背景下医药供应链智能化升级研究,向嘉链,经济研究导刊,2019-12-25,期刊,6,511
558,科技抗疫 助推医疗健康产业步入AI时代,佟秋,上海信息化,2020-08-10,期刊,2,238
559,上海理工大学材料与化学学院,,高教探索,2022-12-05,期刊,,42
560,投资硬科技遭遇技术尽调难 智慧芽打造产业知识图谱“解忧”,陈植,21世纪经济报道,2021-09-27,报纸,,157
561,医药企业全产业链战略风险研究——以乐普医疗为例,王蕊,西南财经大学,2020-03-01,硕士,,276
562,智能医疗的进展与前景,李兰娟,中国科技产业,2017-01-15,期刊,20,1631
563,百奥知：数字信息化15年的“破”与“立”,窦毅萍,中关村,2022-11-01,期刊,,14
564,聚焦“大科学” 跑出“加速度”,黄海华,解放日报,2022-06-20,报纸,,49
565,"国务院关于印发""十三五""国家战略性新兴产业发展规划的通知",,国家国防科技工业局文告,2017-06-30,特色期刊,15,178
566,人工智能技术对医疗行业的影响,李相宗,科技创新导报,2019-03-01,期刊,6,1033
567,上海市人民代表大会财政经济委员会关于市十五届人大六次会议主席团交付审议的代表议案审议结果的报告,,上海市人民代表大会常务委员会公报,2022-07-27,特色期刊,,3
568,工业增加值五年增幅近30% “上海制造”如何站稳C位,金叶子,第一财经日报,2022-06-15,报纸,,28
569,数学算法在人工智能中的应用,黄晓军,电子技术,2021-01-20,期刊,1,273
570,2020人工智能医疗创新排行TOP50,颦楚,互联网周刊,2020-10-20,期刊,1,437
571,长三角“朋友圈”大比拼,陈德强,企业管理,2021-05-15,期刊,,141
572,山东省人民政府关于印发山东省“十四五”数字强省建设规划的通知,,山东省人民政府公报,2021-08-20,特色期刊,,47
573,广州重点行业创新发展特点及共性问题,陈黎;罗观长;黄智华,科技创新发展战略研究,2020-06-10,期刊,1,195
574,“十四五”时期天津加快新旧动能转换推动高质量发展研究（二）,天津市发展和改革委员会规划处课题组,天津经济,2020-12-20,期刊,,143
575,论医疗人工智能的未来:自主修复,柳奕诚;宋欣阳;李宗友,中国中医药信息杂志,2019-05-31,期刊,1,740
576,人工智能治理框架及实施路径、方法研究,施娟萍,上海人大月刊,2021-01-20,期刊,2,414
577,人工智能助力药物研发 或改变游戏规则,,中国科学探险,2022-02-01,特色期刊,,71
578,"2020(i-China,18th）“金i奖”名单",,互联网周刊,2021-01-05,期刊,1,77
579,智能大数据 “看病”不一样,迟兆艳,百科知识,2021-06-05,特色期刊,,117
580,人工智能行业上市公司投资价值动态评价研究,满茹,中国石油大学(北京),2020-04-01,硕士,,151
581,面向医药行业的知识库构建与知识发现,朱腾飞,湖南大学,2017-05-15,硕士,1,432
582,2019上海管理科学论坛：面向未来的管理分论坛纪要（中）,,上海管理科学,2021-04-20,期刊,,66
583,阿里健康大平台战略全解析,黄燕婷,高科技与产业化,2017-04-15,期刊,6,796
584,从科技创新到企业布局，大数据看长三角“朋友圈”谁当先锋,张津嘉,财富时代,2021-07-25,期刊,,99
585,2019中国人工智能分类榜,轩中,互联网周刊,2019-04-05,期刊,2,308
586,基于眼底照相的糖尿病视网膜病变智能辅助诊断系统的研发与评价,杨卫华,苏州大学,2019-09-01,博士,,196
587,上海“张江药谷”原创成果参与全球竞争,何欣荣;杨有宗;龚雯,经济参考报,2021-10-20,报纸,,106
588,让上海生物医药产业跑出加速度,唐玮婕,文汇报,2021-10-20,报纸,,107
589,上海绘就未来五年产业布局“蓝图”,潘洁,国际金融报,2021-08-02,报纸,,88
590,智能时代未来儿童三位一体医药平台的搭建与应用,罗静;况刚;惠俊敏;陈金峰,重庆第二师范学院学报,2020-07-30,期刊,1,147
591,新医改背景下“互联网+医疗健康”推动便民惠民服务的探讨,魏冠男;张海明;周金玲;李新钢,中国卫生产业,2018-08-25,期刊,6,605
592,2020中国新科技100强评选暨秋季金i奖颁奖获奖名单,,互联网周刊,2020-10-05,期刊,1,74
593,苏州打造先导产业创新集聚区的对策研究,方向阳;刘卓青;许展齐,江南论坛,2020-02-15,期刊,1,364
594,5G+AI驱动东北地区城市广播的融媒体传播,宋明华,中国广播,2020-02-20,期刊,1,214
595,数字健康新基建前景可期,张贵民,创新世界周刊,2020-06-10,期刊,1,213
596,北京市人民政府办公厅关于印发《北京市加快医药健康协同创新行动计划(2021—2023年)》的通知,,北京市人民政府公报,2021-08-27,特色期刊,,29
597,广州创新型产业发展现状及提升对策,刘晓丽,科技创新发展战略研究,2019-10-10,期刊,2,201
598,城市速递,,服务外包,2022-08-05,期刊,,5
599,解码黄浦“科创精品蓄水池”,俞灵琦,华东科技,2021-06-05,期刊,,46
600,"解析校招,读懂毕业生",马悦,人力资源,2019-09-08,期刊,1,317
601,人工智能下的三味檀香治疗冠心病Meta分析及探索,吴楠;吴俊斌;吴晟,办公自动化,2020-05-15,期刊,1,136
602,华为云为医疗健康保驾护航,,中国医学计算机成像杂志,2020-10-25,期刊,1,254
603,成都国际会展之都,,中国会展,2021-11-15,期刊,,87
604,《中国新经济发展报告2021-2022》发布,,新西部,2021-08-30,期刊,1,76
605,沈阳市人民政府关于印发沈阳市国民经济和社会发展第十四个五年规划和二〇三五年远景目标纲要的通知,,沈阳市人民政府公报,2021-05-28,特色期刊,,15
606,国家人工智能示范基地创建途径与机制研究,吴画斌,改革与战略,2020-01-18,期刊,1,98
607,产业风暴,,华东科技,2022-02-05,期刊,,19
608,苏州工业园：扬帆起航正当时,,科学中国人,2021-04-05,特色期刊,1,60
609,美、德、中未来产业发展的竞合分析,张瑜;罗弘毅,中国外汇,2019-03-01,期刊,1,407
610,WH公司发展战略研究,郭密,华中科技大学,2020-11-01,硕士,,28
611,基于工业互联网的广东省医药食品及轻工材料产业升级思路研究,卢虹;伍蓉;吴文烈;陈静,网信军民融合,2019-08-30,期刊,1,151
612,广东人工智能发展的若干问题分析,拓晓瑞;徐久香,广东科技,2020-06-15,期刊,,146
613,QLK公司发展战略研究,袁利波,西南交通大学,2018-09-01,硕士,,137
614,国内新闻,,流程工业,2022-01-20,期刊,,19
615,2019年中国医药生物技术十大进展评选结果揭晓,田春英,中国医药生物技术,2020-02-10,期刊,,167
616,以服务求支持、以贡献求发展——阜阳师范大学产学研服务地方,,阜阳师范大学学报(自然科学版),2021-09-15,期刊,,83
617,北京“十四五”高精尖产业规划发布,郑金武,中国科学报,2021-08-25,报纸,,98
618,学科,,中国医院院长,2022-06-15,期刊,,16
619,iSMART智能雪上急救担架,张翊;王剑,中国科技信息,2018-08-29 11:36,期刊,1,248
620,潜在独角兽，“潜”在何地？,伍晓琳;贾源淇,决策,2020-10-05,期刊,,76
621,以AI技术推动国产创新药嬗变——记深圳晶泰科技有限公司联合创始人兼CEO马健,卫婷婷,科学中国人,2021-07-05,特色期刊,,27
622,"人工智能,推动医疗健康领域发展的明天",侯瑞,信息化建设,2017-10-15,期刊,2,634
623,上海市人民代表大会财政经济委员会关于《中国(上海)自由贸易试验区临港新片区条例(草案)》审议意见的报告——2021年11月23日在上海市第十五届人民代表大会常务委员会第三十七次会议上,戴柳,上海市人民代表大会常务委员会公报,2022-04-22,特色期刊,,1
624,徐州服务外包新目标：“彭城服务 绽放东方”,舒朝普;史琨;魏飞,服务外包,2021-06-05,期刊,,18
625,2019互联网+制药企业TOP150排行榜,苏小北,互联网周刊,2019-07-20,期刊,1,151
626,上海市人民政府办公厅关于促进本市生物医药产业高质量发展的若干意见,,上海市人民政府公报,2021-05-20,特色期刊,,16
627,人工智能环境下中医药图书馆发展展望,涂新莉,河南图书馆学刊,2018-07-15,期刊,1,231
629,成都,,中国会展(中国会议),2021-10-30,期刊,,31
630,动态,,家电科技,2020-09-28,期刊,,25
631,佛教现代化进程中技术存在论研究,宋呈呈,长沙理工大学,2017-04-01,硕士,,89
632,新“军团”崛起,赵振基,中国药店,2021-08-15,期刊,,16
633,吉林省人工智能产业发展战略探析,刘凯;杨璐;魏阙,知识经济,2019-09-01,期刊,,181
634,以健康为中心 加快医药卫生体制改革,王列军,中国经济时报,2018-12-18,报纸,1,186
635,2018年四川医药制造业快速增长,龙凤,四川省情,2019-03-05,期刊,2,106
636,沈阳市人民政府关于印发沈阳市未来产业培育和发展规划（2018-2035年）的通知,,沈阳市人民政府公报,2019-01-23,特色期刊,1,47
637,AI赋能肿瘤放射治疗,,中国医学计算机成像杂志,2018-10-25,期刊,1,217
638,2021年《医学信息学杂志》编辑出版重点选题计划,,医学信息学杂志,2021-02-25,期刊,,51
639,新思维 新常态 融合与发展 “互联网+药学服务创新论坛”成功举办,,中国药业,2019-05-05,期刊,,306
640,青岛市市北区：抢抓改革创新黄金期 构筑北方滨海科创城,,中国科技产业,2020-02-15,期刊,,90
641,赋能“智慧”，打造全球领先“生命谷”,马文良,中关村,2020-10-01,期刊,,45
642,“医疗+”:普惠+精准,苑辉,上海企业,2019-02-10,期刊,,137
643,和利时，做医药行业智能转型的推动者——2019医药行业智能制造解决方案分论坛在京成功举办,曹银平,自动化博览,2020-01-15,期刊,,83
644,2017:医药的7个关键词,,健康管理,2017-12-15,特色期刊,2,50
645,国家超算深圳中心E级机研制进入攻坚阶段,,信息网络安全,2020-05-10,期刊,,96
646,广州:打造国际一流人工智能应用示范区,,广东科技,2019-05-15,期刊,,105
647,2020年度编辑出版重点选题计划,本刊编辑部,中国数字医学,2020-01-15,期刊,,109
648,这样重塑药店平台营销模式，你看懂了吗？,,21世纪药店,2019-12-01,报纸,,89
649,吉林省人民政府关于落实新一代人工智能发展规划的实施意见,,吉林省人民政府公报,2018-03-30,特色期刊,2,52
651,两会代表委员为科技发展建言献策,,陕西科技报,2020-05-23,报纸,,32
652,"产城融合新示范,广州IAB战略下重点建设10大价值创新园区",,房地产导刊,2018-09-01,期刊,,183
653,医药创新呼唤政策支撑,,健康报,2018-03-13,报纸,,106
654,迎接科技股发展大时代,杨阳,股市动态分析,2019-03-09,期刊,,74
655,西部（重庆）科学城上半年签约项目投资达600多亿元,,重庆与世界,2020-08-10,期刊,,57
656,“津英就业·相约西青” 2020云聘周活动正式启动,袁丽,求贤,2020-09-28,期刊,,21
657,“互联网+中医药”:重构中医药全产业链发展模式,陈雨霏,健康之路,2018-01-15,特色期刊,4,111
658,助力把握AI时代风口 华夏人工智能ETF联接正在发行,文琪,股市动态分析,2020-05-30,期刊,,66
659,人工智能迈向质的飞跃,王海峰,中国科技奖励,2021-07-20,期刊,,11
660,天津打造全国先进制造业研发基地2019年比重达到65%以上,,天津中德应用技术大学学报,2019-04-15,期刊,,80
661,人工智能技术应用发展中的问题研究,张好雨,才智,2018-06-25,期刊,1,169
662,金豆 铸就医改新平台,,中国政协,2020-05-30,期刊,,21
663,"围棋界人机大战落幕,AI与医疗却不会画上句号",,智能城市,2017-06-25,期刊,,143
664,科创板成跨国公司“落户”新引擎,练生亮,中国外资,2019-09-25,期刊,,45
666,李克强:促进新兴产业加快发展 深化大数据AI研发应用,,产城,2019-03-25,期刊,,123
667,数学之光,本刊编辑部;杨戈,中国科技奖励,2019-08-08,期刊,,52
668,重庆市人民政府办公厅关于加快生物医药产业发展的指导意见,,重庆市人民政府公报,2019-05-08,特色期刊,,24
669,重庆市:出台深化产教融合的实施意见,,中国信息界,2018-12-25,期刊,1,92
670,广州市人民政府关于修订广州市建设“中国制造2025”试点示范城市实施方案的通知,,广州市人民政府公报,2018-04-10,特色期刊,1,16
671,基于垂直电商模式的法律电商研究,高苹,上海交通大学,2016-08-20,硕士,,70
672,2017年“两会”新热词 让你精准把握医药行业“下一站”,费菲;赵海;曲莉莉,中国医药科学,2017-03-25,期刊,,135
673,"从广州IAB战略布局,看城市发展新热点",,房地产导刊,2018-09-01,期刊,,81
674,2018全国两会里的“医药时间”(上) 161名代表、90名委员聚焦热点带来改变,费菲,中国医药科学,2018-03-25,期刊,1,59
675,"指数上攻浪开启,逢低布局是投资上策",张翠霞,财富时代,2020-06-25,期刊,,11
676,中关村医疗器械园,,文明,2020-07-01,特色期刊,,29
677,广州市人民政府关于印发广州市加快IAB产业发展五年行动计划(2018—2022年)的通知,,广州市人民政府公报,2018-04-10,特色期刊,,22
680,青岛市人民政府办公厅关于印发青岛市新旧动能转换重大工程科技创新行动计划的通知,,青岛市人民政府公报,2018-09-15,特色期刊,,11
681,月报,,华东科技,2018-06-05,期刊,,5
682,天津启动智能医疗行动 将打造一批智慧化示范医院,,世界最新医学信息文摘,2018-05-25,期刊,,136
683,信息化,,中国医院院长,2020-02-01,期刊,,31
684,2019年《医学信息学杂志》编辑出版重点选题计划,,医学信息学杂志,2019-09-25,期刊,,31
685,2019年《医学信息学杂志》编辑出版重点选题计划,,医学信息学杂志,2019-06-25,期刊,,37
686,中原城市群产业带“十三五”重点打造九大产业集群 含人工智能、云计算,,中国有线电视,2017-02-15,期刊,,202
687,"下沙科技城广聚全球英才 签约24个高端人才项目和平台,总金额7.43亿元",,浙江人大,2019-01-05,期刊,,33
688,2019年《医学信息学杂志》编辑出版重点选题计划,,医学信息学杂志,2019-04-25,期刊,,39
689,2017产业热点前瞻,刘兴洲,决策,2017-03-15,期刊,1,32
690,中国医药数学会文件 2018年第7号 2018年第一届中国医药数学会学术年会暨全国医药学、生物学与智慧医疗和高等医学教育改革会议,,数理医药学杂志,2018-07-05,期刊,,83
691,2018年《医学信息学杂志》编辑出版重点选题计划,,医学信息学杂志,2018-08-23,期刊,,57
692,2017深圳国际工业自动化及机器人展览会,,化工自动化及仪表,2017-08-10,期刊,1,78
693,2019年《医学信息学杂志》编辑出版重点选题计划,,医学信息学杂志,2019-02-25,期刊,,37
694,2019年《医学信息学杂志》编辑出版重点选题计划,,医学信息学杂志,2018-12-25,期刊,,39
695,2019年《医学信息学杂志》编辑出版重点选题计划,,医学信息学杂志,2019-08-25,期刊,,21
696,创新引领未来六问,夏陆,创新世界周刊,2019-05-25,期刊,,13
697,全国海关首个科创促进服务机构落户上海,,华东科技,2018-04-05,期刊,,34
698,2018年《医学信息学杂志》编辑出版重点选题计划,,医学信息学杂志,2018-09-25,期刊,,42
699,2019年《医学信息学杂志》编辑出版重点选题计划,,医学信息学杂志,2019-01-25,期刊,,33
700,2017年最值得期待的10家创新企业,老树,互联网周刊,2017-03-05,期刊,,66
701,《医学信息学杂志》编辑出版重点选题计划,,医学信息学杂志,2018-10-25,期刊,,34
702,2018年《医学信息学杂志》编辑出版重点选题计划,,医学信息学杂志,2018-02-25,期刊,,50
703,"下沙科技城广聚全球英才下沙科技城广聚全球英才 签约24个高端人才项目和平台,总金额7.43亿元",,浙江人大,2018-12-05,期刊,,14
704,"2015年,我们正在走入科幻世界",王利阳,智慧中国,2015-10-15,期刊,,67
705,本地·经济信息,,投资北京,2019-01-05,期刊,,10
706,2018中国国际大数据产业博览会在贵阳开幕,,前进论坛,2018-07-05,期刊,,48
707,行业公司,,股市动态分析,2018-08-04,期刊,,40
709,"有“指导意见”,医疗大数据还能怎么玩?",,健康管理,2017-06-15,特色期刊,2,9
710,天津西青成功举办首届“海河英才周”,津西才,中国人才,2019-09-10,期刊,,9
711,科创板三家公司为何“中头彩”,贺宛男,理财周刊,2019-06-03,特色期刊,,11
712,2018年《医学信息学杂志》编辑出版重点选题计划,,医学信息学杂志,2018-01-25,期刊,,24
713,经济,,经济导刊,2018-08-05,期刊,,4
714,2018年《医学信息学杂志》编辑出版重点选题计划,,医学信息学杂志,2018-06-25,期刊,,17
715,数据,,光彩,2018-04-05,期刊,,33
716,共话“智能+”,,科学中国人,2019-07-05,特色期刊,,6
717,2018年《医学信息学杂志》编辑出版重点选题计划,,医学信息学杂志,2018-04-25,期刊,,16
718,《医学信息学杂志》编辑出版重点选题计划,,医学信息学杂志,2018-11-25,期刊,,7
719,偏股型基金本周净值回报率龙虎榜,,股市动态分析,2018-12-15,期刊,,12
720,辐射周边 共享机遇——云台会为企业搭建交流合作桥梁,顾阳,时代金融,2018-07-10,期刊,,20
721,2018年《医学信息学杂志》编辑出版重点选题计划,,医学信息学杂志,2018-03-25,期刊,,15
722,声音,,科学中国人,2018-03-15,特色期刊,,1
723,科创板未盈利企业估值研究——以寒武纪为例,单蕾,中央财经大学,2022-05-17,硕士,,257
724,人工智能、行业异质性与中国高技术产业出口竞争力——基于人工智能专利数的研究,马晓琳,海南大学,2021-06-01,硕士,,18
725,数字化转型对医药企业绩效的影响研究——以上海医药为例,吉莹莹,上海师范大学,2023-05-28,硕士,,1360
727,泉州市人民政府办公室关于印发泉州市“十四五”战略性新兴产业发展专项规划的通知,,泉州市人民政府公报,2021-10-15,特色期刊,,
728,基于运气学说与人工智能模型的我国感染性腹泻危险因子的研究,杨翔,北京中医药大学,2022-06-01,博士,,134
729,基于医疗数字化的供应链金融服务平台Bytek创业计划书,李垣,电子科技大学,2023-03-21,硕士,,445
730,基于深度学习的焦虑状态面部特征研究及与中医五态人格相关性探析,王翠英,山东中医药大学,2023-06-01,博士,,300
731,人工智能企业研发投入对企业绩效的影响研究——以科大讯飞为例,李嘉琳,沈阳建筑大学,2023-03-15,硕士,,152
732,政策集成创新研究——以苏州自贸片区生物医药全产业链构建为例,王慕尧,苏州大学,2022-06-01,硕士,,184
735,数字化技术赋能生物医药行业实现新发展,马战凯,2022工业互联网学术大会论文集,2023-06-15,中国会议,,11
738,沪上劲吹“济南风”,卢震,济南日报,2023-11-12,报纸,,1
739,某互联网公司智能问诊产品定位策略研究,范晋挺,北京交通大学,2023-06-01,硕士,,89
740,中国“专精特新”企业发展研究报告——医疗篇,,2023艾瑞咨询3月研究报告会论文集,2023-03-01,中国会议,,90
741,基于知识图谱的推荐系统,杨天吉,海南大学,2023-05-01,硕士,,417
742,冠心病中医人工智能辅助诊疗系统研究与开发,刘金垒,中国中医科学院,2023-06-05,博士,,1015
745,体现辨治信息智能关联中医临床辅助诊疗平台的构建及验证,蒋寅,北京中医药大学,2022-08-01,博士,1,298
746,医药物流区块链的监管制度研究,谢凤,西南政法大学,2022-03-17,硕士,,83
747,苏州市产业发展助推新型城镇化的路径研究,秦亮,苏州科技大学,2022-07-01,硕士,,473
749,A公司中层管理培训优化研究,田禹,华东师范大学,2022-11-24,硕士,,360
751,医药企业数字化转型绩效研究——以华润三九为例,林昕,宁夏大学,2023-04-01,硕士,,637
752,中医智能辅助诊疗系统多决策辨证模型的构建与应用,展志宏,山东中医药大学,2023-06-01,硕士,,202
756,腾讯WE大会展望未来五大科技趋势,,中国无线电,2014-11-26,期刊,,51
757,万峰公司码垛机器人亮相2015中国饲料工业展览会,袁爱军;刘双群,当代经济,2015-8-10,期刊,,23
759,打造大健康产业高质量发展“泰州样板”,卢刚,新华每日电讯,2023-12-14,报纸,,128
761,国内外科技巨头再加码“AI+医疗” 对制药、临床应用颠覆性影响几何？,唐唯珂;吴泽昭,21世纪经济报道,2023-07-18,报纸,,281
762,抢抓“黄金内湾”发展新机遇 中山健康产业驶入“新赛道”,吴森林;徐世球;谭华健;谭桂华;江慎诺,中山日报,2023-10-27,报纸,,33
763,论医学科技与“国之重器”,詹启敏;杜建,北京大学学报(医学版),2022-09-29 11:47,期刊,2,612
764,机构：A股风格或呈大小盘短期均衡,汪友若,上海证券报,2023-12-04,报纸,,30
765,上海市国民经济和社会发展第十四个五年规划和二〇三五年远景目标纲要,,解放日报,2021-01-30,报纸,11,991
766,中国创新药发展提速,李贞,人民日报海外版,2023-04-18,报纸,,128
767,多位“顶流”基金经理最新加仓动向揭晓,刘伟杰,中国证券报,2023-12-25,报纸,,2
768,竞逐近30万亿大健康产业 这些城市已抢先布局,周芳,第一财经日报,2023-04-10,报纸,,185
769,首款AI研制药品进入人体临床试验：争议仍存，前景几何,唐唯珂;李仪,21世纪经济报道,2023-06-29,报纸,,146
770,加快形成一批省内领先、全国知名的先进制造业产业集群,付家宝,许昌日报,2023-05-22,报纸,,103
771,数智科技将引领未来医学发展,傅苏颖;刘月楼,中国证券报,2023-07-13,报纸,,98
772,副中心聚焦高精尖产业发展,冯维静;柴福娟,北京城市副中心报,2023-08-29,报纸,,14
773,在“高地”上加速接近研发“奇点”,刘惠宇,解放日报,2023-09-04,报纸,,42
774,医药行业数智化转型加速 如何创新数字化能力图谱？,唐唯珂;杨斯琪,21世纪经济报道,2022-11-30,报纸,,241
775,打造产业集群 经略海洋未来,秦绮蔚,深圳特区报,2022-09-15,报纸,1,150
776,自贡：抢占新赛道 培育新动能,秦勇,四川日报,2023-09-11,报纸,,20
777,为推动深圳高质量发展展现新作为,徐兴东;樊怡君;周元春,深圳特区报,2022-11-02,报纸,,106
778,激励科技创新 引领美好未来,张琳;张宣;杨频萍;蒋明睿;刘丽媛,新华日报,2023-05-21,报纸,,46
779,抢得“先手棋”，冲刺“千亿级”,孟旭,新华日报,2023-06-22,报纸,,30
780,上海出台措施强化重点产业招商新优势,汪荔诚,中国证券报,2023-04-26,报纸,,88
781,在人工智能领域 这位基金经理玩了一把“短线操作”,徐宇,第一财经日报,2023-05-30,报纸,,67
782,为松山湖科学城创新发展传经送宝,张华桥,东莞日报,2023-04-20,报纸,,36
783,襄阳市国民经济和社会发展第十四个五年规划和二〇三五年远景目标纲要,,襄阳日报,2021-05-06,报纸,1,577
784,浦东“金色中环”将崛起“张江之尚”,唐玮婕,文汇报,2023-10-10,报纸,,15
785,让AI在赋能制药的同时实现“自我修炼”,肖钰周;王春,科技日报,2022-12-05,报纸,,279
786,期待AI助力生命健康领域创新发展,祝越,文汇报,2023-01-13,报纸,,81
787,“前沿技术与产业发展战略”论坛举办,陶婷婷,上海科技报,2023-06-28,报纸,,48
788,北向资金一周连续加仓A股 人工智能概念成最强主线,李雨琪,上海证券报,2023-03-18,报纸,,30
789,“活力四射” 高质量党建促高质量发展,周程祎,解放日报,2022-12-25,报纸,,53
790,热门股调整拖累A股指数 低位成长赛道延续反弹趋势,费天元,上海证券报,2023-05-17,报纸,,13
791,自立自强，筑牢科技强省建设之基,蔡姝雯;张宣,新华日报,2022-10-19,报纸,,48
792,制药“弯道超车”，上海是最佳选择,俱鹤飞,解放日报,2022-11-17,报纸,,69
793,港股AI板块有点冷 基金纷纷转向消费股,安仲文,证券时报,2023-05-04,报纸,,12
794,数字技术“智”引医药行业创新发展,陆悦;落楠;蒋红瑜;郭婷,中国医药报,2020-12-17,报纸,3,385
795,培育壮大生物经济支柱产业,,人民日报,2022-06-29,报纸,,93
796,互联网+医药监管趋严 行业规范化发展提速,张敏,证券日报,2022-06-23,报纸,,141
797,关于加快培育壮大新业态新模式促进北京经济高质量发展的若干意见,,北京日报,2020-06-10,报纸,3,325
798,AI药物研发赛道火热：BAT之后华为强势跨界入局,唐唯珂;文若楠,21世纪经济报道,2021-09-29,报纸,1,313
799,近880只个股获券商推荐买入,赵中昊,中国证券报,2023-04-27,报纸,,14
800,中国新药研发力量晋升第二梯队，“十四五”如何更上层楼？,张佳星,科技日报,2022-03-02,报纸,1,143
801,踢好“临门一脚”，更多“上海首创”走向全球,唐玮婕,文汇报,2022-09-05,报纸,,32
802,苏州工业“焕新”快进键,王子玺;沈勇青,东莞日报,2021-11-22,报纸,,130
803,为生物医药创新发展添动力,韩鑫,人民日报,2022-08-04,报纸,,122
804,思想激荡拥抱数字未来,李尖;夏婕妤,温州日报,2022-11-13,报纸,,40
805,智赢未来 滨城先行,,滨城时报,2022-06-25,报纸,,20
806,南沙“强心” 产业探路,柳时强,南方日报,2021-11-30,报纸,,68
807,考生专业选择透露哪些新动向,郑天虹;胡浩;魏梦佳;王菲菲;杨淑馨,新华每日电讯,2021-08-03,报纸,1,124
808,一个月几十家新客户冒出来 中国生物医药创新需求爆发,胥会云;金叶子,第一财经日报,2022-01-04,报纸,,75
809,淄博市人民政府办公室关于印发促进新材料、智能装备、新医药、电子信息产业加快发展若干政策的通知,,淄博日报,2021-01-23,报纸,,133
810,三问数据背后的“热力图”,陈佳莹;夏丹;施力维,浙江日报,2021-08-30,报纸,,104
811,上海：强化科技自立自强战略支撑 加快发展现代产业体系,,中国经贸导刊,2021-01-10,期刊,1,161
812,“互联网+医疗”正在进行创新和重塑,姚玉秀,信息系统工程,2018-05-20,期刊,10,359
813,大湾区生物医药迈入“领跑”阶段 解锁创新、人才和生态三大密码,彭敏静,21世纪经济报道,2021-04-21,报纸,,90
814,保供应、稳生产 上海三大先导产业战“疫”显担当,严曦梦;宋薇萍,上海证券报,2022-04-15,报纸,,16
815,看!安徽这十大产业如何高成长,,安徽经济报,2021-01-12,报纸,,120
816,生物医药“张江原创”加速全球溢出,唐玮婕,文汇报,2021-10-13,报纸,,65
817,润物有声 数字化全面浸润商业生活 2016互联网全行业洞察及趋势报告,,艾瑞咨询系列研究报告（2017年第1期）,2017-01-01,中国会议,2,297
818,生命健康产业新增长点“次第花开”,张佳星,科技日报,2020-05-29,报纸,,147
822,在快速变化中期待未来,陈晓哲,中国市场监管报,2020-01-08,报纸,,69
823,省政府办公厅关于印发江苏省“十三五”战略性新兴产业发展规划的通知,,江苏省人民政府公报,2016-12-22,特色期刊,4,23
824,中外专家江城论“健”,李源;余瑾毅;朱惠,湖北日报,2019-04-09,报纸,,38
826,科企3.0版 《天津市创新型企业领军计划》正式发布 本刊记者专访相关部门负责人,闫贵福;潘峰宇,求贤,2019-07-28,期刊,,32
827,阿波罗“国家人类基因组北方研究中心指定合作基地”挂牌仪式圆满成功,,新产经,2018-12-01,期刊,1,27
829,医药级聚烯烃洁净全自动膜包装生产线的技术改造探讨,陈树国,甘肃科技,2018-03-30,期刊,,39
830,指数发展型科技推动创新浪潮,,数字通信世界,2016-04-01,期刊,,85
834,长安街西延线变专精特新产业带,赵语涵,北京日报,2023-11-03,报纸,,16
835,行业公司,,股市动态分析,2016-08-13,期刊,,9
836,基于知识图谱的医药领域语义分析研究,周胜,广西民族大学,2023-06-01,硕士,,254
837,智能医药配送机器人自主抓放技术研究与实现,张路平,陕西科技大学,2023-03-01,硕士,,361
838,国际比较视野下机器人在医疗卫生领域的应用政策研究,毛子骏;刘子灵;周光勇,科技管理研究,2021-05-20,期刊,8,1426
839,数字健康产业：以技术之“智”赋能医疗之“治”,毛振华;梁姊;王宁,经济参考报,2023-06-14,报纸,,206
840,“产业公地”，国资与民企协同创新,宰飞;俱鹤飞,解放日报,2023-08-09,报纸,,31
841,医疗卫生领域人工智能的研究热点及发展趋势研究,张富程;高凯;姜茂敏,中国医疗管理科学,2020-07-15,期刊,9,1297
842,“硅基”魔法：AI助新药摆脱“反摩尔定律”,张懿,文汇报,2023-07-10,报纸,,47
843,开放融合创新 寻找医药新赛道,陈晓;唐子湉;唐亚冰;胡真禛;苏欣玥,南方日报,2022-09-23,报纸,,153
844,中关村医疗器械园为医疗发展添动力,夏骅;孙奇茹,北京日报,2023-03-21,报纸,,42
845,五华科技产业园 产城融合发展 绘就美丽新画卷,郭曼,昆明日报,2022-10-14,报纸,,51
846,顺应新需求 拥抱新职业,王向前,河南日报,2022-04-28,报纸,,111
847,张江：以开放聚创新，生物医药产业强势突围,唐玮婕,文汇报,2022-11-16,报纸,,67
848,AI赋能，前沿学科孕育更多创新种子,储舒婷,文汇报,2022-11-16,报纸,,61
849,机构忙着追“芯”觅“药” 480家公司上周获调研,张雪;何昕怡,上海证券报,2023-05-04,报纸,,13
850,500强企业助力强产兴城,颜雅婷;陈凌鹭;许雅玲;孙铭军;颜伟宏,泉州晚报,2023-02-11,报纸,,10
851,头部企业纷纷入局 AI制药加速落地,张一迪,中国电子报,2021-11-26,报纸,,230
852,积流成渊 龙腾张江,叶国标;祁豆豆,上海证券报,2022-02-24,报纸,,51
853,建成具有全球影响力的高科技园区,刘禹,上海科技报,2021-08-13,报纸,,140
854,长三角四大产业链同向发力,夏丹,浙江日报,2022-08-13,报纸,,78
855,张江科学会堂开启“科创新主场”,黄海华,解放日报,2022-09-06,报纸,,23
856,以世界级平台聚力构筑世界级产业集群,张懿,文汇报,2022-11-15,报纸,,32
857,九大领域一百八十六项全球工程前沿发布,金振娅,光明日报,2021-12-15,报纸,,90
858,沈阳市国民经济和社会发展第十四个五年规划和二〇三五年远景目标纲要,,沈阳日报,2021-04-26,报纸,,46
859,10年来持续发力，浦东硬核产业形成全国影响力,张懿,文汇报,2022-09-15,报纸,,20
860,博鳌亚洲论坛创新报告2020 概要,,博鳌亚洲论坛创新报告2020,2020-12-01,中国会议,,70
861,让更多的新药好药造福人类,龚雯,新华每日电讯,2021-10-18,报纸,,42
862,张江ETF“一键”配置上海科创优质资产,李岚君,中国证券报,2022-03-03,报纸,,18
863,栖霞高新区 厚植创新沃土 打造高质量发展强引擎,,南京日报,2021-10-27,报纸,,24
864,孙咸泽委员：产学研联手迈向医药原始创新,张佳星,科技日报,2022-03-07,报纸,,26
865,人才与产业战略关乎城市核心竞争力,,第一财经日报,2021-02-01,报纸,,46
866,感知与平台并重 AI促智慧医疗落地,诸玲珍,中国电子报,2018-05-04,报纸,,144
869,新工业 新智能 新蓝图,,吉林日报,2018-08-31,报纸,,71
870,凝聚共识推进高质量发展 助力五个现代化天津建设,,天津日报,2018-01-26,报纸,,71
872,消费升级为主线 动能转换将成亮点,,经济日报,2018-01-04,报纸,,47
874,信息化科技带来各行业定制化浪潮,章蔚玮,IT时报,2017-12-08,报纸,,30
878,人工智能在医疗领域的应用与思考,王笛;赵靖;金明超;刘婧;熊伟,中国医院管理,2021-06-05,期刊,14,3492
880,我国医药制造业企业社会责任报告文本分析——以上市公司为例,许洪皓;魏岚;李媛;陈晓丽;刘娜,中国药房,2021-02-26,期刊,9,1929
881,智能语音在汽车中的应用,练艺;曾晓辉,无线互联科技,2018-12-10,期刊,8,569
882,培养医信融合实用型人才,范国权,经济,2022-06-01,期刊,,68
883,医药生产数据统计系统,鞠超;刘琼洋;齐勇,河南佰研生物科技有限公司;,2022-04-24,科技成果,,
885,国产大模型“诸神之战”出路何方,李雅娟;卢世龙,中国青年报,2023-06-12,报纸,,84
886,机器人投料，不怕有毒有害高风险,杨晓青,中国应急管理报,2021-10-29,报纸,,57
887,快速轨道医流机器人及其智能集群控制技术的研发,于笔钧;臧铁钢;程群;居士明;何继鹏,江苏菲达宝开电气股份有限公司;南京航空航天大学,2016-12-01,科技成果,,15
888,编读互动,,财富时代,2019-05-25,期刊,,7
889,人工智能在慢性伤口评估和治疗中的应用,王延峰;杨巧红;刘安康,护士进修杂志,2022-08-10,期刊,4,906
890,基于双射软集合的医药物流企业绩效评价体系研究,常峰;杨莎莎;路云,管理现代化,2016-04-12 13:08,期刊,10,467
892,医药智能制造生产线关键技术研究进展,易俊飞;张辉;赵晨阳;车爱博;王耀南,中南大学学报(自然科学版),2021-02-26,期刊,9,1182
893,纵深推进深港联通,杨阳腾,经济日报,2023-09-04,报纸,,11
894,“中国药谷”：超千亿生物医药基地炼成记,程铭劼,北京商报,2023-07-21,报纸,,35
895,体验进博会的“未来感”,,中国水运报,2022-11-09,报纸,,19
897,推动资本布局与成果转化 引领双创新跨越,高方,中国经贸导刊,2018-07-10,期刊,,20
898,多年攻关自主创新，一批“国之重器”亮相,俞陶然,解放日报,2023-12-04,报纸,,134
899,一批国产医药创新成果组团亮相服贸会,马嘉,中国商报,2023-09-06,报纸,,14
900,为科技创新注入人才活力,赵永新,人民日报,2023-05-15,报纸,,51
901,超算天津中心交出亮眼“成绩单”,尹冰晶,滨城时报,2022-01-20,报纸,,152
902,医疗卫生中的伦理与法律问题争鸣——“海南省第四届(2019)社会科学学术年会分会暨首届南海中青年学者论坛”综述,苏玉菊;徐海波,医学与哲学,2019-12-05,期刊,1,255
903,发展“互联网+医疗健康”亟需加强人才保障,潘多拉,中国卫生人才,2019-05-05,期刊,3,464
904,2020年围绕科技创新中心建设，北京要干这些事儿！,明星,中关村,2020-02-01,期刊,,190
905,同比增长15.1%!稳中加固 稳中提质,宋雪梅,珠海特区报,2021-11-01,报纸,,17
906,健康产业奋力开新局,吴佳佳,经济日报,2021-09-07,报纸,,26
909,苏州吴中：让更多“千里马”竞相奔腾,苏雁;姬尊雨,光明日报,2023-10-11,报纸,,16
910,长三角扎实推进一体化高质量发展,刘士安;巨云鹏,人民日报,2022-08-24,报纸,3,142
911,上海张江科学城：完善创新链 提升产业链,刘士安;黄晓慧,人民日报海外版,2022-06-23,报纸,,225
912,打好“四位一体”组合拳 助技术落地创更大价值,明慧,中国改革报,2023-06-04,报纸,,13
913,创新动力强劲 产业高地崛起,谢卫群;刘志强;方敏,人民日报,2023-01-12,报纸,,39
914,以才引才以赛引才，实现“海聚英才”,周程祎;张骏,解放日报,2022-09-01,报纸,,79
915,擦亮绿色招牌 护航生态发展,杜雪琴;蔡文正,甘肃日报,2022-07-10,报纸,,17
916,深度解读中国企业大转型决胜力量,,经济参考报,2019-10-21,报纸,1,242
917,科创“金种子”长成产业“参天树”,李代姣;王守一,河北经济日报,2022-01-15,报纸,,16
918,中央与地方的政治博奕——抗战时期四川医疗卫生系统的控制权之争,刘雪怡,重庆师范大学学报(哲学社会科学版),2015-04-25,期刊,3,250
919,苏州工业园区:以国际标准构建创新高地,,服务外包,2018-11-05,期刊,2,10
922,浙江：传统医药搭上数字快车,刘志勇;郑纯胜,健康报,2023-10-25,报纸,,60
923,上海在新起点上推动高质量发展,刘士安;欧阳洁;方敏;巨云鹏,人民日报,2023-05-12,报纸,,93
924,江苏自贸区苏州片区发展现状及建议,张越喆;刘子凡;李丽,河北企业,2022-07-07,期刊,,462
925,在推进创新驱动发展中闯出新路子,王璐丹,河北日报,2023-07-27,报纸,,30
926,聚力发力 “大零号湾”进一步“做大”,王阳,上海科技报,2023-03-01,报纸,,45
927,协同创新，方成“开路先锋”,朱珉迕,解放日报,2023-06-06,报纸,,27
928,新一轮招商大战开启,吴明华,决策,2021-11-20,期刊,1,60
929,增强基层医疗卫生服务能力 助力健康绵阳建设,,健康中国观察,2021-03-10,期刊,,151
930,破浪前行风帆劲,郭倩;王璐,经济参考报,2022-03-30,报纸,1,29
931,一场“不虚此行”的相遇,孙亚慧,人民日报海外版,2022-07-20,报纸,,9
932,从“四个破万亿”看上海的“实”力和“新”意,周琳;龚雯,经济参考报,2022-03-15,报纸,,48
933,技术攻关，有多少靠“揭榜”,冯彬,廉政瞭望,2020-03-15,期刊,1,71
934,窥探“数据说话”的时代,彭添意,中学生百科,2019-01-07,特色期刊,,11
935,新编医学计算机信息应用,王呼生;王晓东;崔彦青,中国铁道出版社,202208,图书,,
938,基于贝叶斯方法的不确定性信息处理研究进展综述,胥新政;强毅;傅华栋,机电产品开发与创新,2018-11-28,期刊,10,759
939,基于深度模型的生物医药实体互作用挖掘关键技术研究,王伟,国防科技大学,2021-03-01,博士,,137
940,激发创新主体活力 增强创新策源功能,张楠,上海人大月刊,2019-11-20,期刊,1,157
941,详解菁英计划,,神州学人,2020-12-04,特色期刊,,13
942,科技民生系列丛书——一杯茶中的科学 第七章 科技兴茶的美好未来,,科技民生系列丛书——一杯茶中的科学,2020-04-01,中国会议,,20
943,"厦门:拥抱新经济,壮大新引擎",廖丽萍,海峡通讯,2020-03-05,特色期刊,,24
944,创业大军日益庞大创新正在成为一种生活方式,顾彦,中国战略新兴产业,2017-12-01,期刊,1,36
945,移动互联网时代的健康医疗模式转型与创新,丽睿客,人民邮电出版社,201709,图书,5,
946,医学信息工程概论,龚庆悦;董海艳;冒宇清,南京大学出版社,201908,图书,3,
947,面向未来的医疗,张文红;傅瑞;陈斯蕾,南京大学出版社,202010,图书,,
948,移动医疗如何招募药企,刘谦,医药经济报,2015-03-02,报纸,,18
950,增进民生福祉 绘就幸福底色,叶陈芬;张颖珍;张文奎,闽东日报,2023-05-18,报纸,,34
951,医疗卫生是信息技术发挥重要作用的领域——访中国工程院院士邬贺铨院士,潘锋,中国医药导报,2019-01-25,期刊,3,141
952,医药院校学生计算思维能力培养,阎洁;李祥生;严刚;黄煜;韩竞,医学信息学杂志,2017-05-25,期刊,2,154
